Page URL,Folder,Image filename,Card title
/about,about,about-pc-plus-computing.png,About PC Plus Computing
/about,about,surrey-computer-repair-experts.png,Surrey Computer Repair Experts
/about,about,locally-owned-it-company.png,Locally Owned IT Company Surrey
/about,about,our-mission-it-services.png,Our Mission IT Services
/about,about,certified-computer-technicians.png,Certified Computer Technicians Surrey
/about,about,it-company-history.png,IT Company History Surrey BC
/about,about,community-it-support.png,Community IT Support Surrey
/about,about,trusted-technology-partner.png,Trusted Technology Partner Surrey
/about,about,why-we-started-pc-plus-computing.png,Why We Started PC Plus Computing
/about,about,our-values-integrity-expertise.png,Our Values Integrity Expertise
/about,about,surrey-technology-company.png,Surrey BC Technology Company
/about,about,meet-our-it-team.png,Meet Our IT Team Surrey
/appointments,appointments,book-computer-repair-appointment.png,Book Computer Repair Appointment Surrey
/appointments,appointments,it-support-appointment.png,IT Support Appointment Surrey BC
/appointments,appointments,same-day-appointment-computer-repair.png,Same Day Appointment Computer Repair
/appointments,appointments,onsite-it-visit.png,On-Site IT Visit Surrey
/appointments,appointments,online-booking-it-service.png,Online Booking IT Service Surrey
/appointments,appointments,business-it-assessment-appointment.png,Business IT Assessment Appointment
/appointments,appointments,computer-tune-up-appointment.png,Computer Tune Up Appointment Surrey
/appointments,appointments,network-setup-appointment.png,Network Setup Appointment Surrey BC
/appointments,appointments,data-recovery-appointment.png,Data Recovery Appointment Surrey
/appointments,appointments,evening-weekend-it-appointments.png,Evening Weekend IT Appointments Surrey
/appointments,appointments,appointment-cancellation-reschedule.png,Appointment Cancellation Reschedule Surrey
/appointments,appointments,virtual-it-consultation-booking.png,Virtual IT Consultation Booking
/contact-us,contact-us,contact-pc-plus-computing.png,Contact PC Plus Computing Surrey
/contact-us,contact-us,it-support-phone-number.png,IT Support Phone Number Surrey
/contact-us,contact-us,computer-repair-quote.png,Computer Repair Quote Surrey
/contact-us,contact-us,emergency-it-support.png,Emergency IT Support Surrey BC
/contact-us,contact-us,it-consultation-free.png,IT Consultation Surrey Free
/contact-us,contact-us,business-it-inquiry.png,Business IT Inquiry Surrey
/contact-us,contact-us,walk-in-computer-repair.png,Walk In Computer Repair Surrey
/contact-us,contact-us,email-pc-plus-computing.png,Email PC Plus Computing
/contact-us,contact-us,surrey-it-support-location.png,Surrey IT Support Location
/contact-us,contact-us,schedule-it-service.png,Schedule IT Service Surrey BC
/contact-us,contact-us,remote-support-request.png,Remote Support Request Surrey
/contact-us,contact-us,it-partnership-inquiry.png,IT Partnership Inquiry Surrey
/faq,faq,computer-repair-faq.png,Computer Repair FAQ Surrey
/faq,faq,it-support-questions.png,IT Support Questions Surrey BC
/faq,faq,how-long-computer-repair-takes.png,How Long Computer Repair Takes
/faq,faq,do-you-offer-onsite-it-support.png,Do You Offer On-Site IT Support
/faq,faq,what-brands-do-you-repair.png,What Brands Do You Repair
/faq,faq,is-my-data-safe-during-repair.png,Is My Data Safe During Repair
/faq,faq,how-much-does-it-support-cost.png,How Much Does IT Support Cost
/faq,faq,do-you-offer-remote-support.png,Do You Offer Remote Support
/faq,faq,warranty-on-computer-repairs.png,Warranty on Computer Repairs
/faq,faq,how-to-speed-up-my-computer.png,How To Speed Up My Computer
/faq,faq,do-you-support-mac-and-pc.png,Do You Support Mac and PC
/faq,faq,how-to-book-appointment.png,How To Book Appointment Surrey
/,homepage,computer-repair.png,Computer Repair Surrey BC
/,homepage,it-support.png,IT Support Surrey
/,homepage,managed-it-services.png,Managed IT Services Surrey
/,homepage,virus-removal.png,Virus Removal Surrey
/,homepage,network-setup.png,Network Setup Surrey BC
/,homepage,data-recovery.png,Data Recovery Surrey
/,homepage,laptop-repair.png,Laptop Repair Surrey
/,homepage,business-it-solutions.png,Business IT Solutions Surrey
/,homepage,computer-store.png,Computer Store Surrey BC
/,homepage,remote-it-support.png,Remote IT Support Surrey
/,homepage,247-it-support.png,24/7 IT Support Surrey BC
/,homepage,pc-plus-computing.png,PC Plus Computing Surrey
/industries,industries,industryspecific-it-solutions.png,Industry-Specific IT Solutions Surrey
/industries,industries,it-services-for-small-business.png,IT Services for Small Business Surrey
/industries,industries,healthcare-it-support.png,Healthcare IT Support Surrey BC
/industries,industries,legal-firm-it-services.png,Legal Firm IT Services Surrey
/industries,industries,retail-technology-solutions.png,Retail Technology Solutions Surrey
/industries,industries,accounting-firm-it-support.png,Accounting Firm IT Support Surrey
/industries,industries,construction-industry-it.png,Construction Industry IT Surrey BC
/industries,industries,real-estate-it-services.png,Real Estate IT Services Surrey
/industries,industries,restaurant-it-support.png,Restaurant IT Support Surrey
/industries,industries,nonprofit-it-services.png,Nonprofit IT Services Surrey BC
/industries,industries,education-it-support.png,Education IT Support Surrey
/industries,industries,professional-services-it.png,Professional Services IT Surrey
/industries/accounting-firms,industries/accounting-firms,it-support-for-accountants.png,IT Support for Accountants Surrey
/industries/accounting-firms,industries/accounting-firms,tax-season-it-support.png,Tax Season IT Support Surrey
/industries/accounting-firms,industries/accounting-firms,quickbooks-it-support.png,QuickBooks IT Support Surrey BC
/industries/accounting-firms,industries/accounting-firms,accounting-firm-cybersecurity.png,Accounting Firm Cybersecurity Surrey
/industries/accounting-firms,industries/accounting-firms,cloud-accounting-setup.png,Cloud Accounting Setup Surrey
/industries/accounting-firms,industries/accounting-firms,cpa-firm-it-services.png,CPA Firm IT Services Surrey BC
/industries/accounting-firms,industries/accounting-firms,bookkeeper-it-support.png,Bookkeeper IT Support Surrey
/industries/accounting-firms,industries/accounting-firms,financial-data-backup.png,Financial Data Backup Surrey
/industries/accounting-firms,industries/accounting-firms,secure-file-sharing-accountants.png,Secure File Sharing Accountants Surrey
/industries/accounting-firms,industries/accounting-firms,accounting-office-network-setup.png,Accounting Office Network Setup Surrey
/industries/accounting-firms,industries/accounting-firms,it-compliance-accounting-firms.png,IT Compliance Accounting Firms
/industries/accounting-firms,industries/accounting-firms,remote-access-accounting.png,Remote Access Accounting Surrey BC
/industries/retail,industries/retail,retail-it-support.png,Retail IT Support Surrey BC
/industries/retail,industries/retail,pos-system-setup.png,POS System Setup Surrey
/industries/retail,industries/retail,retail-network-security.png,Retail Network Security Surrey
/industries/retail,industries/retail,inventory-management-it.png,Inventory Management IT Surrey
/industries/retail,industries/retail,retail-wifi-setup.png,Retail Wi-Fi Setup Surrey BC
/industries/retail,industries/retail,ecommerce-it-support.png,E-Commerce IT Support Surrey
/industries/retail,industries/retail,multilocation-retail-it.png,Multi-Location Retail IT Surrey
/industries/retail,industries/retail,retail-cybersecurity.png,Retail Cybersecurity Surrey BC
/industries/retail,industries/retail,payment-processing-it.png,Payment Processing IT Surrey
/industries/retail,industries/retail,digital-signage-retail.png,Digital Signage Retail Surrey
/industries/retail,industries/retail,retail-hardware-support.png,Retail Hardware Support Surrey
/industries/retail,industries/retail,retail-it-consulting.png,Retail IT Consulting Surrey BC
/industries/small-business,industries/small-business,small-business-it-support.png,Small Business IT Support Surrey
/industries/small-business,industries/small-business,it-solutions-startup.png,IT Solutions Startup Surrey BC
/industries/small-business,industries/small-business,managed-it-small-business.png,Managed IT Small Business Surrey
/industries/small-business,industries/small-business,business-network-setup.png,Business Network Setup Surrey
/industries/small-business,industries/small-business,small-business-cybersecurity.png,Small Business Cybersecurity Surrey
/industries/small-business,industries/small-business,office-computer-setup.png,Office Computer Setup Surrey BC
/industries/small-business,industries/small-business,cloud-services-small-business.png,Cloud Services Small Business Surrey
/industries/small-business,industries/small-business,business-email-setup.png,Business Email Setup Surrey
/industries/small-business,industries/small-business,small-business-backup-solutions.png,Small Business Backup Solutions Surrey
/industries/small-business,industries/small-business,voip-phone-system.png,VoIP Phone System Surrey BC
/industries/small-business,industries/small-business,it-consulting-small-business.png,IT Consulting Small Business Surrey
/industries/small-business,industries/small-business,break-fix-it-support.png,Break Fix IT Support Surrey
/locations,locations,it-services.png,IT Services Surrey BC
/locations,locations,computer-repair.png,Computer Repair Near Me Surrey
/locations,locations,it-support-delta.png,IT Support Delta BC
/locations,locations,computer-repair-langley.png,Computer Repair Langley BC
/locations,locations,it-services-white-rock.png,IT Services White Rock BC
/locations,locations,managed-it-services-fraser-valley.png,Managed IT Services Fraser Valley
/locations,locations,computer-repair-cloverdale.png,Computer Repair Cloverdale Surrey
/locations,locations,it-support-newton.png,IT Support Newton Surrey BC
/locations,locations,computer-repair-fleetwood.png,Computer Repair Fleetwood Surrey
/locations,locations,it-services-guildford.png,IT Services Guildford Surrey
/locations,locations,tech-support-south.png,Tech Support South Surrey BC
/locations,locations,onsite-computer-repair-metro-vancouver.png,On-Site Computer Repair Metro Vancouver
/pricing,pricing,computer-repair-pricing.png,Computer Repair Pricing Surrey
/pricing,pricing,it-support-plans.png,IT Support Plans Surrey BC
/pricing,pricing,affordable-it-services.png,Affordable IT Services Surrey
/pricing,pricing,managed-it-service-pricing.png,Managed IT Service Pricing
/pricing,pricing,flat-rate-computer-repair.png,Flat Rate Computer Repair
/pricing,pricing,free-diagnostic-computer.png,Free Diagnostic Computer Surrey
/pricing,pricing,business-it-support-cost.png,Business IT Support Cost Surrey
/pricing,pricing,virus-removal-cost.png,Virus Removal Cost Surrey BC
/pricing,pricing,network-setup-pricing.png,Network Setup Pricing Surrey
/pricing,pricing,data-recovery-pricing.png,Data Recovery Pricing Surrey
/pricing,pricing,senior-student-discount-it.png,Senior Student Discount IT Surrey
/pricing,pricing,no-hidden-fees-it-support.png,No Hidden Fees IT Support
/reviews,reviews,pc-plus-computing-reviews.png,PC Plus Computing Reviews
/reviews,reviews,best-computer-repair-reviews.png,Best Computer Repair Reviews Surrey
/reviews,reviews,it-support-testimonials.png,IT Support Testimonials Surrey BC
/reviews,reviews,customer-satisfaction-it-services.png,Customer Satisfaction IT Services
/reviews,reviews,five-star-computer-repair.png,Five Star Computer Repair Surrey
/reviews,reviews,trusted-it-provider-reviews.png,Trusted IT Provider Reviews
/reviews,reviews,google-reviews-pc-plus.png,Google Reviews PC Plus Surrey
/reviews,reviews,small-business-it-reviews.png,Small Business IT Reviews Surrey
/reviews,reviews,laptop-repair-reviews.png,Laptop Repair Reviews Surrey BC
/reviews,reviews,data-recovery-success-stories.png,Data Recovery Success Stories
/reviews,reviews,honest-computer-repair-feedback.png,Honest Computer Repair Feedback
/reviews,reviews,surrey-residential-it-reviews.png,Surrey Residential IT Reviews
/services,services,computer-services.png,Computer Services Surrey BC
/services,services,it-services-for-small-business.png,IT Services for Small Business
/services,services,computer-repair.png,Computer Repair Near Me Surrey
/services,services,managed-it-cyber-security.png,Managed IT & Cyber Security
/services,services,cloud-backup-services.png,Cloud & Backup Services
/services,services,network-connectivity-solutions.png,Network & Connectivity Solutions
/services,services,remote-onsite-it-support.png,Remote & Onsite IT Support
/services,services,website-design-digital-marketing.png,Website Design & Digital Marketing
/services,services,business-it-consulting.png,Business IT Consulting Surrey
/services,services,data-recovery-services.png,Data Recovery Services Surrey
/services,services,residential-computer-services.png,Residential Computer Services
/services,services,247-it-support-monitoring.png,24/7 IT Support & Monitoring
/services/backup-disaster-recovery,services/backup-disaster-recovery,backup-disaster-recovery.png,Backup & Disaster Recovery Surrey BC
/services/backup-disaster-recovery,services/backup-disaster-recovery,business-disaster-recovery-planning.png,Business Disaster Recovery Planning
/services/backup-disaster-recovery,services/backup-disaster-recovery,automated-backup-solutions.png,Automated Backup Solutions
/services/backup-disaster-recovery,services/backup-disaster-recovery,cloud-disaster-recovery.png,Cloud Disaster Recovery
/services/backup-disaster-recovery,services/backup-disaster-recovery,ransomware-recovery-solutions.png,Ransomware Recovery Solutions
/services/backup-disaster-recovery,services/backup-disaster-recovery,server-backup-replication.png,Server Backup & Replication
/services/backup-disaster-recovery,services/backup-disaster-recovery,recovery-time-point-objectives.png,Recovery Time & Point Objectives
/services/backup-disaster-recovery,services/backup-disaster-recovery,backup-verification-testing.png,Backup Verification & Testing
/services/backup-disaster-recovery,services/backup-disaster-recovery,hybrid-backup-architecture.png,Hybrid Backup Architecture
/services/backup-disaster-recovery,services/backup-disaster-recovery,virtual-machine-backup.png,Virtual Machine Backup
/services/backup-disaster-recovery,services/backup-disaster-recovery,microsoft-365-backup.png,Microsoft 365 Backup
/services/backup-disaster-recovery,services/backup-disaster-recovery,disaster-recovery-as-a-service-draas.png,Disaster Recovery as a Service (DRaaS)
/services/backup-solutions,services/backup-solutions,backup-solutions.png,Backup Solutions Surrey BC
/services/backup-solutions,services/backup-solutions,cloud-backup-services.png,Cloud Backup Services
/services/backup-solutions,services/backup-solutions,local-onsite-backup.png,Local & Onsite Backup
/services/backup-solutions,services/backup-solutions,offsite-backup-solutions.png,Offsite Backup Solutions
/services/backup-solutions,services/backup-solutions,server-backup-solutions.png,Server Backup Solutions
/services/backup-solutions,services/backup-solutions,workstation-laptop-backup.png,Workstation & Laptop Backup
/services/backup-solutions,services/backup-solutions,database-backup-services.png,Database Backup Services
/services/backup-solutions,services/backup-solutions,saas-application-backup.png,SaaS Application Backup
/services/backup-solutions,services/backup-solutions,imagebased-backup-bare-metal-recovery.png,Image-Based Backup & Bare Metal Recovery
/services/backup-solutions,services/backup-solutions,backup-encryption-security.png,Backup Encryption & Security
/services/backup-solutions,services/backup-solutions,backup-monitoring-alerts.png,Backup Monitoring & Alerts
/services/backup-solutions,services/backup-solutions,custom-backup-strategy-consultation.png,Custom Backup Strategy Consultation
/services/business-it-services,services/business-it-services,small-business-it-solutions.png,Small Business IT Solutions Surrey BC
/services/business-it-services,services/business-it-services,business-technology-consulting.png,Business Technology Consulting
/services/business-it-services,services/business-it-services,it-infrastructure-management.png,IT Infrastructure Management
/services/business-it-services,services/business-it-services,business-email-communication-setup.png,Business Email & Communication Setup
/services/business-it-services,services/business-it-services,office-it-setup-relocation.png,Office IT Setup & Relocation
/services/business-it-services,services/business-it-services,business-hardware-procurement.png,Business Hardware Procurement
/services/business-it-services,services/business-it-services,it-vendor-management.png,IT Vendor Management
/services/business-it-services,services/business-it-services,business-continuity-planning.png,Business Continuity Planning
/services/business-it-services,services/business-it-services,voip-phone-systems-for-business.png,VoIP Phone Systems for Business
/services/business-it-services,services/business-it-services,it-compliance-policy-development.png,IT Compliance & Policy Development
/services/business-it-services,services/business-it-services,scalable-it-solutions-for-growing-companies.png,Scalable IT Solutions for Growing Companies
/services/business-it-services,services/business-it-services,surrey-business-it-support-plans.png,Surrey Business IT Support Plans
/services/cloud-migration,services/cloud-migration,cloud-migration-services.png,Cloud Migration Services Surrey BC
/services/cloud-migration,services/cloud-migration,microsoft-365-migration.png,Microsoft 365 Migration
/services/cloud-migration,services/cloud-migration,onpremises-to-cloud-migration.png,On-Premises to Cloud Migration
/services/cloud-migration,services/cloud-migration,cloud-readiness-assessment.png,Cloud Readiness Assessment
/services/cloud-migration,services/cloud-migration,azure-cloud-migration.png,Azure Cloud Migration
/services/cloud-migration,services/cloud-migration,google-workspace-migration.png,Google Workspace Migration
/services/cloud-migration,services/cloud-migration,hybrid-cloud-setup.png,Hybrid Cloud Setup
/services/cloud-migration,services/cloud-migration,cloud-cost-optimization.png,Cloud Cost Optimization
/services/cloud-migration,services/cloud-migration,email-migration-services.png,Email Migration Services
/services/cloud-migration,services/cloud-migration,cloud-security-configuration.png,Cloud Security Configuration
/services/cloud-migration,services/cloud-migration,application-cloud-migration.png,Application Cloud Migration
/services/cloud-migration,services/cloud-migration,cloud-training-adoption-support.png,Cloud Training & Adoption Support
/services/computer-networking,services/computer-networking,computer-networking-services.png,Computer Networking Services Surrey BC
/services/computer-networking,services/computer-networking,home-network-setup-optimization.png,Home Network Setup & Optimization
/services/computer-networking,services/computer-networking,network-troubleshooting-repair.png,Network Troubleshooting & Repair
/services/computer-networking,services/computer-networking,wired-wireless-network-integration.png,Wired & Wireless Network Integration
/services/computer-networking,services/computer-networking,network-attached-storage-nas-setup.png,Network Attached Storage (NAS) Setup
/services/computer-networking,services/computer-networking,network-performance-optimization.png,Network Performance Optimization
/services/computer-networking,services/computer-networking,multisite-network-connectivity.png,Multi-Site Network Connectivity
/services/computer-networking,services/computer-networking,network-monitoring-setup.png,Network Monitoring Setup
/services/computer-networking,services/computer-networking,smart-home-network-configuration.png,Smart Home Network Configuration
/services/computer-networking,services/computer-networking,mesh-wifi-system-installation.png,Mesh Wi-Fi System Installation
/services/computer-networking,services/computer-networking,network-access-control.png,Network Access Control
/services/computer-networking,services/computer-networking,ethernet-fiber-optic-installation.png,Ethernet & Fiber Optic Installation
/services/computer-repair/boot-error-repair,services/computer-repair/boot-error-repair,boot-error-repair.png,Boot Error Repair Surrey BC
/services/computer-repair/boot-error-repair,services/computer-repair/boot-error-repair,black-screen-on-startup-fix.png,Black Screen on Startup Fix
/services/computer-repair/boot-error-repair,services/computer-repair/boot-error-repair,missing-operating-system-error.png,Missing Operating System Error
/services/computer-repair/boot-error-repair,services/computer-repair/boot-error-repair,windows-boot-loop-repair.png,Windows Boot Loop Repair
/services/computer-repair/boot-error-repair,services/computer-repair/boot-error-repair,bios-and-uefi-repair.png,BIOS and UEFI Repair
/services/computer-repair/boot-error-repair,services/computer-repair/boot-error-repair,boot-drive-failure-repair.png,Boot Drive Failure Repair
/services/computer-repair/boot-error-repair,services/computer-repair/boot-error-repair,dual-boot-configuration-fix.png,Dual Boot Configuration Fix
/services/computer-repair/boot-error-repair,services/computer-repair/boot-error-repair,startup-repair-after-power-outage.png,Startup Repair After Power Outage
/services/computer-repair/boot-error-repair,services/computer-repair/boot-error-repair,blue-screen-at-startup-fix.png,Blue Screen at Startup Fix
/services/computer-repair/boot-error-repair,services/computer-repair/boot-error-repair,corrupted-bootloader-repair.png,Corrupted Bootloader Repair
/services/computer-repair/boot-error-repair,services/computer-repair/boot-error-repair,safe-mode-recovery-service.png,Safe Mode Recovery Service
/services/computer-repair/boot-error-repair,services/computer-repair/boot-error-repair,computer-beeping-and-not-starting.png,Computer Beeping and Not Starting
/services/computer-repair/computer-diagnostics,services/computer-repair/computer-diagnostics,computer-diagnostics.png,Computer Diagnostics Surrey BC
/services/computer-repair/computer-diagnostics,services/computer-repair/computer-diagnostics,free-computer-assessment.png,Free Computer Assessment
/services/computer-repair/computer-diagnostics,services/computer-repair/computer-diagnostics,hardware-diagnostic-testing.png,Hardware Diagnostic Testing
/services/computer-repair/computer-diagnostics,services/computer-repair/computer-diagnostics,hard-drive-health-diagnostic.png,Hard Drive Health Diagnostic
/services/computer-repair/computer-diagnostics,services/computer-repair/computer-diagnostics,ram-memory-testing.png,RAM Memory Testing
/services/computer-repair/computer-diagnostics,services/computer-repair/computer-diagnostics,motherboard-diagnostic-service.png,Motherboard Diagnostic Service
/services/computer-repair/computer-diagnostics,services/computer-repair/computer-diagnostics,power-supply-testing.png,Power Supply Testing
/services/computer-repair/computer-diagnostics,services/computer-repair/computer-diagnostics,network-connectivity-diagnostics.png,Network Connectivity Diagnostics
/services/computer-repair/computer-diagnostics,services/computer-repair/computer-diagnostics,laptop-battery-diagnostic.png,Laptop Battery Diagnostic
/services/computer-repair/computer-diagnostics,services/computer-repair/computer-diagnostics,overheating-diagnostic.png,Overheating Diagnostic Surrey
/services/computer-repair/computer-diagnostics,services/computer-repair/computer-diagnostics,prepurchase-computer-inspection.png,Pre-Purchase Computer Inspection
/services/computer-repair/computer-diagnostics,services/computer-repair/computer-diagnostics,postrepair-verification-testing.png,Post-Repair Verification Testing
/services/computer-repair/computer-tune-up,services/computer-repair/computer-tune-up,computer-tuneup.png,Computer Tune-Up Surrey BC
/services/computer-repair/computer-tune-up,services/computer-repair/computer-tune-up,pc-maintenance-service.png,PC Maintenance Service Surrey
/services/computer-repair/computer-tune-up,services/computer-repair/computer-tune-up,laptop-tuneup-service.png,Laptop Tune-Up Service
/services/computer-repair/computer-tune-up,services/computer-repair/computer-tune-up,startup-optimization-service.png,Startup Optimization Service
/services/computer-repair/computer-tune-up,services/computer-repair/computer-tune-up,junk-file-and-temp-cleanup.png,Junk File and Temp Cleanup
/services/computer-repair/computer-tune-up,services/computer-repair/computer-tune-up,windows-update-and-patch-service.png,Windows Update and Patch Service
/services/computer-repair/computer-tune-up,services/computer-repair/computer-tune-up,browser-and-email-optimization.png,Browser and Email Optimization
/services/computer-repair/computer-tune-up,services/computer-repair/computer-tune-up,annual-computer-service-plan.png,Annual Computer Service Plan
/services/computer-repair/computer-tune-up,services/computer-repair/computer-tune-up,computer-dust-cleaning-service.png,Computer Dust Cleaning Service
/services/computer-repair/computer-tune-up,services/computer-repair/computer-tune-up,security-software-tuneup.png,Security Software Tune-Up
/services/computer-repair/computer-tune-up,services/computer-repair/computer-tune-up,disk-optimization-and-ssd-trim.png,Disk Optimization and SSD Trim
/services/computer-repair/computer-tune-up,services/computer-repair/computer-tune-up,system-health-report.png,System Health Report
/services/computer-repair/gaming-computer-repair,services/computer-repair/gaming-computer-repair,gaming-computer-repair.png,Gaming Computer Repair Surrey BC
/services/computer-repair/gaming-computer-repair,services/computer-repair/gaming-computer-repair,gaming-pc-overheating-fix.png,Gaming PC Overheating Fix Surrey
/services/computer-repair/gaming-computer-repair,services/computer-repair/gaming-computer-repair,graphics-card-repair-and-replacement.png,Graphics Card Repair and Replacement
/services/computer-repair/gaming-computer-repair,services/computer-repair/gaming-computer-repair,gaming-pc-custom-build.png,Gaming PC Custom Build Surrey
/services/computer-repair/gaming-computer-repair,services/computer-repair/gaming-computer-repair,fps-drop-and-game-stutter-fix.png,FPS Drop and Game Stutter Fix
/services/computer-repair/gaming-computer-repair,services/computer-repair/gaming-computer-repair,gaming-pc-upgrade-service.png,Gaming PC Upgrade Service
/services/computer-repair/gaming-computer-repair,services/computer-repair/gaming-computer-repair,gaming-laptop-repair.png,Gaming Laptop Repair Surrey
/services/computer-repair/gaming-computer-repair,services/computer-repair/gaming-computer-repair,rgb-and-fan-controller-repair.png,RGB and Fan Controller Repair
/services/computer-repair/gaming-computer-repair,services/computer-repair/gaming-computer-repair,game-crash-and-error-troubleshooting.png,Game Crash and Error Troubleshooting
/services/computer-repair/gaming-computer-repair,services/computer-repair/gaming-computer-repair,gaming-pc-power-supply-repair.png,Gaming PC Power Supply Repair
/services/computer-repair/gaming-computer-repair,services/computer-repair/gaming-computer-repair,gaming-pc-virus-removal.png,Gaming PC Virus Removal
/services/computer-repair/gaming-computer-repair,services/computer-repair/gaming-computer-repair,consoletopc-transition-help.png,Console-to-PC Transition Help
/services/computer-repair/overheating-computer-repair,services/computer-repair/overheating-computer-repair,overheating-computer-repair.png,Overheating Computer Repair Surrey BC
/services/computer-repair/overheating-computer-repair,services/computer-repair/overheating-computer-repair,laptop-overheating-fix.png,Laptop Overheating Fix Surrey
/services/computer-repair/overheating-computer-repair,services/computer-repair/overheating-computer-repair,thermal-paste-replacement.png,Thermal Paste Replacement
/services/computer-repair/overheating-computer-repair,services/computer-repair/overheating-computer-repair,computer-fan-repair-and-replacement.png,Computer Fan Repair and Replacement
/services/computer-repair/overheating-computer-repair,services/computer-repair/overheating-computer-repair,desktop-airflow-optimization.png,Desktop Airflow Optimization
/services/computer-repair/overheating-computer-repair,services/computer-repair/overheating-computer-repair,cpu-overheating-fix.png,CPU Overheating Fix
/services/computer-repair/overheating-computer-repair,services/computer-repair/overheating-computer-repair,gpu-overheating-repair.png,GPU Overheating Repair
/services/computer-repair/overheating-computer-repair,services/computer-repair/overheating-computer-repair,computer-dust-cleaning-service.png,Computer Dust Cleaning Service
/services/computer-repair/overheating-computer-repair,services/computer-repair/overheating-computer-repair,cooling-system-upgrade.png,Cooling System Upgrade
/services/computer-repair/overheating-computer-repair,services/computer-repair/overheating-computer-repair,laptop-cooling-pad-recommendation.png,Laptop Cooling Pad Recommendation
/services/computer-repair/overheating-computer-repair,services/computer-repair/overheating-computer-repair,heatsink-repair-and-reseating.png,Heatsink Repair and Reseating
/services/computer-repair/overheating-computer-repair,services/computer-repair/overheating-computer-repair,overheating-prevention-maintenance.png,Overheating Prevention Maintenance
/services/computer-repair/server-repair,services/computer-repair/server-repair,server-repair.png,Server Repair Surrey BC
/services/computer-repair/server-repair,services/computer-repair/server-repair,small-business-server-setup.png,Small Business Server Setup
/services/computer-repair/server-repair,services/computer-repair/server-repair,server-hard-drive-replacement.png,Server Hard Drive Replacement
/services/computer-repair/server-repair,services/computer-repair/server-repair,windows-server-troubleshooting.png,Windows Server Troubleshooting
/services/computer-repair/server-repair,services/computer-repair/server-repair,linux-server-repair.png,Linux Server Repair Surrey
/services/computer-repair/server-repair,services/computer-repair/server-repair,server-data-recovery.png,Server Data Recovery
/services/computer-repair/server-repair,services/computer-repair/server-repair,server-network-configuration.png,Server Network Configuration
/services/computer-repair/server-repair,services/computer-repair/server-repair,server-migration-services.png,Server Migration Services Surrey
/services/computer-repair/server-repair,services/computer-repair/server-repair,server-virtualization-support.png,Server Virtualization Support
/services/computer-repair/server-repair,services/computer-repair/server-repair,server-backup-solutions.png,Server Backup Solutions
/services/computer-repair/server-repair,services/computer-repair/server-repair,server-performance-optimization.png,Server Performance Optimization
/services/computer-repair/server-repair,services/computer-repair/server-repair,emergency-server-repair.png,Emergency Server Repair Surrey BC
/services/computer-repair/slow-computer-fix,services/computer-repair/slow-computer-fix,slow-computer-fix.png,Slow Computer Fix Surrey BC
/services/computer-repair/slow-computer-fix,services/computer-repair/slow-computer-fix,computer-speed-optimization.png,Computer Speed Optimization
/services/computer-repair/slow-computer-fix,services/computer-repair/slow-computer-fix,ssd-upgrade-for-slow-pc.png,SSD Upgrade for Slow PC
/services/computer-repair/slow-computer-fix,services/computer-repair/slow-computer-fix,ram-upgrade.png,RAM Upgrade Surrey
/services/computer-repair/slow-computer-fix,services/computer-repair/slow-computer-fix,startup-program-cleanup.png,Startup Program Cleanup
/services/computer-repair/slow-computer-fix,services/computer-repair/slow-computer-fix,malware-removal-for-slow-pc.png,Malware Removal for Slow PC
/services/computer-repair/slow-computer-fix,services/computer-repair/slow-computer-fix,hard-drive-health-check.png,Hard Drive Health Check
/services/computer-repair/slow-computer-fix,services/computer-repair/slow-computer-fix,windows-bloatware-removal.png,Windows Bloatware Removal
/services/computer-repair/slow-computer-fix,services/computer-repair/slow-computer-fix,computer-running-slow-after-update.png,Computer Running Slow After Update
/services/computer-repair/slow-computer-fix,services/computer-repair/slow-computer-fix,slow-internet-on-computer-fix.png,Slow Internet on Computer Fix
/services/computer-repair/slow-computer-fix,services/computer-repair/slow-computer-fix,old-computer-speed-boost.png,Old Computer Speed Boost Surrey
/services/computer-repair/slow-computer-fix,services/computer-repair/slow-computer-fix,disk-cleanup-and-defragmentation.png,Disk Cleanup and Defragmentation
/services/computer-repair/software-repair,services/computer-repair/software-repair,software-repair.png,Software Repair Surrey BC
/services/computer-repair/software-repair,services/computer-repair/software-repair,application-crash-fix.png,Application Crash Fix
/services/computer-repair/software-repair,services/computer-repair/software-repair,software-installation-service.png,Software Installation Service
/services/computer-repair/software-repair,services/computer-repair/software-repair,driver-update-and-repair.png,Driver Update and Repair
/services/computer-repair/software-repair,services/computer-repair/software-repair,email-client-setup-and-repair.png,Email Client Setup and Repair
/services/computer-repair/software-repair,services/computer-repair/software-repair,microsoft-office-repair.png,Microsoft Office Repair Surrey
/services/computer-repair/software-repair,services/computer-repair/software-repair,antivirus-software-setup.png,Antivirus Software Setup
/services/computer-repair/software-repair,services/computer-repair/software-repair,software-compatibility-fix.png,Software Compatibility Fix
/services/computer-repair/software-repair,services/computer-repair/software-repair,browser-repair-and-cleanup.png,Browser Repair and Cleanup
/services/computer-repair/software-repair,services/computer-repair/software-repair,operating-system-reinstallation.png,Operating System Reinstallation
/services/computer-repair/software-repair,services/computer-repair/software-repair,software-update-management.png,Software Update Management
/services/computer-repair/software-repair,services/computer-repair/software-repair,printer-software-troubleshooting.png,Printer Software Troubleshooting
/services/computer-repair/windows-repair,services/computer-repair/windows-repair,windows-repair.png,Windows Repair Surrey BC
/services/computer-repair/windows-repair,services/computer-repair/windows-repair,blue-screen-of-death-fix.png,Blue Screen of Death Fix
/services/computer-repair/windows-repair,services/computer-repair/windows-repair,windows-update-error-repair.png,Windows Update Error Repair
/services/computer-repair/windows-repair,services/computer-repair/windows-repair,windows-10-to-11-upgrade.png,Windows 10 to 11 Upgrade Surrey
/services/computer-repair/windows-repair,services/computer-repair/windows-repair,windows-registry-repair.png,Windows Registry Repair
/services/computer-repair/windows-repair,services/computer-repair/windows-repair,windows-system-file-repair.png,Windows System File Repair
/services/computer-repair/windows-repair,services/computer-repair/windows-repair,windows-password-recovery.png,Windows Password Recovery
/services/computer-repair/windows-repair,services/computer-repair/windows-repair,windows-activation-fix.png,Windows Activation Fix
/services/computer-repair/windows-repair,services/computer-repair/windows-repair,windows-restore-and-recovery.png,Windows Restore and Recovery
/services/computer-repair/windows-repair,services/computer-repair/windows-repair,windows-performance-tuning.png,Windows Performance Tuning
/services/computer-repair/windows-repair,services/computer-repair/windows-repair,windows-virus-and-malware-cleanup.png,Windows Virus and Malware Cleanup
/services/computer-repair/windows-repair,services/computer-repair/windows-repair,windows-driver-conflict-resolution.png,Windows Driver Conflict Resolution
/services/cyber-security-services,services/cyber-security-services,cyber-security-services.png,Cyber Security Services Surrey BC
/services/cyber-security-services,services/cyber-security-services,business-cyber-threat-assessment.png,Business Cyber Threat Assessment
/services/cyber-security-services,services/cyber-security-services,ransomware-protection-prevention.png,Ransomware Protection & Prevention
/services/cyber-security-services,services/cyber-security-services,endpoint-detection-response-edr.png,Endpoint Detection & Response (EDR)
/services/cyber-security-services,services/cyber-security-services,security-awareness-training.png,Security Awareness Training
/services/cyber-security-services,services/cyber-security-services,email-security-spam-filtering.png,Email Security & Spam Filtering
/services/cyber-security-services,services/cyber-security-services,firewall-configuration-management.png,Firewall Configuration & Management
/services/cyber-security-services,services/cyber-security-services,multifactor-authentication-setup.png,Multi-Factor Authentication Setup
/services/cyber-security-services,services/cyber-security-services,dark-web-monitoring.png,Dark Web Monitoring
/services/cyber-security-services,services/cyber-security-services,incident-response-recovery.png,Incident Response & Recovery
/services/cyber-security-services,services/cyber-security-services,network-security-audit.png,Network Security Audit
/services/cyber-security-services,services/cyber-security-services,complianceready-security-solutions.png,Compliance-Ready Security Solutions
/services/cyber-security-services/phishing-protection,services/cyber-security-services/phishing-protection,phishing-protection-services.png,Phishing Protection Services Surrey BC
/services/cyber-security-services/phishing-protection,services/cyber-security-services/phishing-protection,phishing-simulation-testing.png,Phishing Simulation & Testing
/services/cyber-security-services/phishing-protection,services/cyber-security-services/phishing-protection,antiphishing-email-filters.png,Anti-Phishing Email Filters
/services/cyber-security-services/phishing-protection,services/cyber-security-services/phishing-protection,spear-phishing-defense.png,Spear Phishing Defense
/services/cyber-security-services/phishing-protection,services/cyber-security-services/phishing-protection,business-email-compromise-prevention.png,Business Email Compromise Prevention
/services/cyber-security-services/phishing-protection,services/cyber-security-services/phishing-protection,employee-phishing-awareness-training.png,Employee Phishing Awareness Training
/services/cyber-security-services/phishing-protection,services/cyber-security-services/phishing-protection,microsoft-365-phishing-protection.png,Microsoft 365 Phishing Protection
/services/cyber-security-services/phishing-protection,services/cyber-security-services/phishing-protection,dmarc-spf-dkim-configuration.png,"DMARC, SPF & DKIM Configuration"
/services/cyber-security-services/phishing-protection,services/cyber-security-services/phishing-protection,url-link-protection.png,URL & Link Protection
/services/cyber-security-services/phishing-protection,services/cyber-security-services/phishing-protection,phishing-incident-response.png,Phishing Incident Response
/services/cyber-security-services/phishing-protection,services/cyber-security-services/phishing-protection,executive-vip-phishing-protection.png,Executive & VIP Phishing Protection
/services/cyber-security-services/phishing-protection,services/cyber-security-services/phishing-protection,phishing-risk-assessment.png,Phishing Risk Assessment
/services/data-recovery,services/data-recovery,hard-drive-data-recovery.png,Hard Drive Data Recovery Surrey
/services/data-recovery,services/data-recovery,ssd-data-recovery-services.png,SSD Data Recovery Services
/services/data-recovery,services/data-recovery,external-hard-drive-recovery.png,External Hard Drive Recovery
/services/data-recovery,services/data-recovery,usb-flash-drive-data-recovery.png,USB Flash Drive Data Recovery
/services/data-recovery,services/data-recovery,memory-card-data-recovery.png,Memory Card Data Recovery
/services/data-recovery,services/data-recovery,mac-data-recovery.png,Mac Data Recovery Surrey BC
/services/data-recovery,services/data-recovery,laptop-data-recovery-services.png,Laptop Data Recovery Services
/services/data-recovery,services/data-recovery,data-recovery.png,Data Recovery Near Me Surrey
/services/data-recovery,services/data-recovery,encrypted-drive-data-recovery.png,Encrypted Drive Data Recovery
/services/data-recovery,services/data-recovery,data-recovery-for-businesses.png,Data Recovery for Businesses
/services/data-recovery,services/data-recovery,mechanical-hard-drive-repair.png,Mechanical Hard Drive Repair
/services/data-recovery,services/data-recovery,free-data-recovery-consultation.png,Free Data Recovery Consultation
/services/data-recovery/deleted-file-recovery,services/data-recovery/deleted-file-recovery,deleted-file-recovery.png,Deleted File Recovery Surrey BC
/services/data-recovery/deleted-file-recovery,services/data-recovery/deleted-file-recovery,recover-deleted-photos.png,Recover Deleted Photos
/services/data-recovery/deleted-file-recovery,services/data-recovery/deleted-file-recovery,emptied-recycle-bin-recovery.png,Emptied Recycle Bin Recovery
/services/data-recovery/deleted-file-recovery,services/data-recovery/deleted-file-recovery,deleted-document-recovery.png,Deleted Document Recovery
/services/data-recovery/deleted-file-recovery,services/data-recovery/deleted-file-recovery,deleted-video-file-recovery.png,Deleted Video File Recovery
/services/data-recovery/deleted-file-recovery,services/data-recovery/deleted-file-recovery,shift-delete-file-recovery.png,Shift Delete File Recovery
/services/data-recovery/deleted-file-recovery,services/data-recovery/deleted-file-recovery,deleted-folder-recovery-service.png,Deleted Folder Recovery Service
/services/data-recovery/deleted-file-recovery,services/data-recovery/deleted-file-recovery,accidentally-deleted-partition.png,Accidentally Deleted Partition
/services/data-recovery/deleted-file-recovery,services/data-recovery/deleted-file-recovery,overwritten-file-recovery.png,Overwritten File Recovery
/services/data-recovery/deleted-file-recovery,services/data-recovery/deleted-file-recovery,deleted-email-recovery.png,Deleted Email Recovery
/services/data-recovery/deleted-file-recovery,services/data-recovery/deleted-file-recovery,deleted-files-from-external-drive.png,Deleted Files From External Drive
/services/data-recovery/deleted-file-recovery,services/data-recovery/deleted-file-recovery,file-recovery-after-virus-attack.png,File Recovery After Virus Attack
/services/data-recovery/emergency-data-recovery,services/data-recovery/emergency-data-recovery,emergency-data-recovery.png,Emergency Data Recovery Surrey
/services/data-recovery/emergency-data-recovery,services/data-recovery/emergency-data-recovery,same-day-data-recovery-service.png,Same Day Data Recovery Service
/services/data-recovery/emergency-data-recovery,services/data-recovery/emergency-data-recovery,urgent-business-data-recovery.png,Urgent Business Data Recovery
/services/data-recovery/emergency-data-recovery,services/data-recovery/emergency-data-recovery,after-hours-data-recovery.png,After Hours Data Recovery
/services/data-recovery/emergency-data-recovery,services/data-recovery/emergency-data-recovery,weekend-data-recovery-service.png,Weekend Data Recovery Service
/services/data-recovery/emergency-data-recovery,services/data-recovery/emergency-data-recovery,emergency-hard-drive-recovery.png,Emergency Hard Drive Recovery
/services/data-recovery/emergency-data-recovery,services/data-recovery/emergency-data-recovery,emergency-raid-recovery-service.png,Emergency RAID Recovery Service
/services/data-recovery/emergency-data-recovery,services/data-recovery/emergency-data-recovery,rush-data-recovery-turnaround.png,Rush Data Recovery Turnaround
/services/data-recovery/emergency-data-recovery,services/data-recovery/emergency-data-recovery,emergency-laptop-data-recovery.png,Emergency Laptop Data Recovery
/services/data-recovery/emergency-data-recovery,services/data-recovery/emergency-data-recovery,disaster-recovery-services.png,Disaster Recovery Services Surrey
/services/data-recovery/emergency-data-recovery,services/data-recovery/emergency-data-recovery,emergency-server-recovery.png,Emergency Server Recovery
/services/data-recovery/emergency-data-recovery,services/data-recovery/emergency-data-recovery,priority-data-recovery-pricing.png,Priority Data Recovery Pricing
/services/data-recovery/formatted-drive-recovery,services/data-recovery/formatted-drive-recovery,formatted-drive-recovery.png,Formatted Drive Recovery Surrey
/services/data-recovery/formatted-drive-recovery,services/data-recovery/formatted-drive-recovery,accidentally-formatted-hard-drive.png,Accidentally Formatted Hard Drive
/services/data-recovery/formatted-drive-recovery,services/data-recovery/formatted-drive-recovery,quick-format-data-recovery.png,Quick Format Data Recovery
/services/data-recovery/formatted-drive-recovery,services/data-recovery/formatted-drive-recovery,full-format-drive-recovery.png,Full Format Drive Recovery
/services/data-recovery/formatted-drive-recovery,services/data-recovery/formatted-drive-recovery,formatted-usb-drive-recovery.png,Formatted USB Drive Recovery
/services/data-recovery/formatted-drive-recovery,services/data-recovery/formatted-drive-recovery,formatted-sd-card-recovery.png,Formatted SD Card Recovery
/services/data-recovery/formatted-drive-recovery,services/data-recovery/formatted-drive-recovery,formatted-ssd-data-recovery.png,Formatted SSD Data Recovery
/services/data-recovery/formatted-drive-recovery,services/data-recovery/formatted-drive-recovery,formatted-external-drive-recovery.png,Formatted External Drive Recovery
/services/data-recovery/formatted-drive-recovery,services/data-recovery/formatted-drive-recovery,windows-reinstall-data-recovery.png,Windows Reinstall Data Recovery
/services/data-recovery/formatted-drive-recovery,services/data-recovery/formatted-drive-recovery,mac-formatted-drive-recovery.png,Mac Formatted Drive Recovery
/services/data-recovery/formatted-drive-recovery,services/data-recovery/formatted-drive-recovery,formatted-partition-recovery.png,Formatted Partition Recovery
/services/data-recovery/formatted-drive-recovery,services/data-recovery/formatted-drive-recovery,wrong-format-type-recovery.png,Wrong Format Type Recovery
/services/data-recovery/nas-data-recovery,services/data-recovery/nas-data-recovery,nas-data-recovery.png,NAS Data Recovery Surrey BC
/services/data-recovery/nas-data-recovery,services/data-recovery/nas-data-recovery,synology-nas-recovery.png,Synology NAS Recovery
/services/data-recovery/nas-data-recovery,services/data-recovery/nas-data-recovery,qnap-nas-data-recovery.png,QNAP NAS Data Recovery
/services/data-recovery/nas-data-recovery,services/data-recovery/nas-data-recovery,wd-my-cloud-recovery.png,WD My Cloud Recovery
/services/data-recovery/nas-data-recovery,services/data-recovery/nas-data-recovery,nas-raid-recovery-service.png,NAS RAID Recovery Service
/services/data-recovery/nas-data-recovery,services/data-recovery/nas-data-recovery,nas-drive-failure-recovery.png,NAS Drive Failure Recovery
/services/data-recovery/nas-data-recovery,services/data-recovery/nas-data-recovery,home-nas-data-recovery.png,Home NAS Data Recovery
/services/data-recovery/nas-data-recovery,services/data-recovery/nas-data-recovery,business-nas-recovery.png,Business NAS Recovery Surrey
/services/data-recovery/nas-data-recovery,services/data-recovery/nas-data-recovery,nas-firmware-corruption-recovery.png,NAS Firmware Corruption Recovery
/services/data-recovery/nas-data-recovery,services/data-recovery/nas-data-recovery,multibay-nas-recovery.png,Multi-Bay NAS Recovery
/services/data-recovery/nas-data-recovery,services/data-recovery/nas-data-recovery,nas-volume-recovery-service.png,NAS Volume Recovery Service
/services/data-recovery/nas-data-recovery,services/data-recovery/nas-data-recovery,drobo-data-recovery-service.png,Drobo Data Recovery Service
/services/data-recovery/phone-data-recovery,services/data-recovery/phone-data-recovery,phone-data-recovery.png,Phone Data Recovery Surrey BC
/services/data-recovery/phone-data-recovery,services/data-recovery/phone-data-recovery,iphone-data-recovery-services.png,iPhone Data Recovery Services
/services/data-recovery/phone-data-recovery,services/data-recovery/phone-data-recovery,android-phone-data-recovery.png,Android Phone Data Recovery
/services/data-recovery/phone-data-recovery,services/data-recovery/phone-data-recovery,water-damaged-phone-recovery.png,Water Damaged Phone Recovery
/services/data-recovery/phone-data-recovery,services/data-recovery/phone-data-recovery,broken-screen-phone-recovery.png,Broken Screen Phone Recovery
/services/data-recovery/phone-data-recovery,services/data-recovery/phone-data-recovery,deleted-photos-recovery-phone.png,Deleted Photos Recovery Phone
/services/data-recovery/phone-data-recovery,services/data-recovery/phone-data-recovery,phone-recovery-after-factory-reset.png,Phone Recovery After Factory Reset
/services/data-recovery/phone-data-recovery,services/data-recovery/phone-data-recovery,samsung-phone-data-recovery.png,Samsung Phone Data Recovery
/services/data-recovery/phone-data-recovery,services/data-recovery/phone-data-recovery,text-message-recovery-service.png,Text Message Recovery Service
/services/data-recovery/phone-data-recovery,services/data-recovery/phone-data-recovery,phone-not-turning-on-recovery.png,Phone Not Turning On Recovery
/services/data-recovery/phone-data-recovery,services/data-recovery/phone-data-recovery,whatsapp-data-recovery.png,WhatsApp Data Recovery
/services/data-recovery/phone-data-recovery,services/data-recovery/phone-data-recovery,tablet-data-recovery-services.png,Tablet Data Recovery Services
/services/data-recovery/raid-data-recovery,services/data-recovery/raid-data-recovery,raid-data-recovery.png,RAID Data Recovery Surrey BC
/services/data-recovery/raid-data-recovery,services/data-recovery/raid-data-recovery,raid-5-data-recovery-services.png,RAID 5 Data Recovery Services
/services/data-recovery/raid-data-recovery,services/data-recovery/raid-data-recovery,raid-0-stripe-recovery.png,RAID 0 Stripe Recovery
/services/data-recovery/raid-data-recovery,services/data-recovery/raid-data-recovery,raid-1-mirror-recovery.png,RAID 1 Mirror Recovery
/services/data-recovery/raid-data-recovery,services/data-recovery/raid-data-recovery,raid-6-data-recovery.png,RAID 6 Data Recovery
/services/data-recovery/raid-data-recovery,services/data-recovery/raid-data-recovery,raid-10-recovery-services.png,RAID 10 Recovery Services
/services/data-recovery/raid-data-recovery,services/data-recovery/raid-data-recovery,hardware-raid-controller-recovery.png,Hardware RAID Controller Recovery
/services/data-recovery/raid-data-recovery,services/data-recovery/raid-data-recovery,software-raid-data-recovery.png,Software RAID Data Recovery
/services/data-recovery/raid-data-recovery,services/data-recovery/raid-data-recovery,raid-server-recovery.png,RAID Server Recovery Surrey
/services/data-recovery/raid-data-recovery,services/data-recovery/raid-data-recovery,virtual-machine-raid-recovery.png,Virtual Machine RAID Recovery
/services/data-recovery/raid-data-recovery,services/data-recovery/raid-data-recovery,raid-rebuild-failure-recovery.png,RAID Rebuild Failure Recovery
/services/data-recovery/raid-data-recovery,services/data-recovery/raid-data-recovery,emergency-raid-recovery-247.png,Emergency RAID Recovery 24/7
/services/data-recovery/ransomware-protection,services/data-recovery/ransomware-protection,ransomware-protection.png,Ransomware Protection Surrey BC
/services/data-recovery/ransomware-protection,services/data-recovery/ransomware-protection,ransomware-data-recovery.png,Ransomware Data Recovery
/services/data-recovery/ransomware-protection,services/data-recovery/ransomware-protection,ransomware-removal-service.png,Ransomware Removal Service
/services/data-recovery/ransomware-protection,services/data-recovery/ransomware-protection,business-ransomware-prevention.png,Business Ransomware Prevention
/services/data-recovery/ransomware-protection,services/data-recovery/ransomware-protection,ransomware-backup-solutions.png,Ransomware Backup Solutions
/services/data-recovery/ransomware-protection,services/data-recovery/ransomware-protection,encrypted-file-recovery-service.png,Encrypted File Recovery Service
/services/data-recovery/ransomware-protection,services/data-recovery/ransomware-protection,network-security-assessment.png,Network Security Assessment
/services/data-recovery/ransomware-protection,services/data-recovery/ransomware-protection,email-phishing-protection.png,Email Phishing Protection
/services/data-recovery/ransomware-protection,services/data-recovery/ransomware-protection,endpoint-protection-solutions.png,Endpoint Protection Solutions
/services/data-recovery/ransomware-protection,services/data-recovery/ransomware-protection,ransomware-incident-response.png,Ransomware Incident Response
/services/data-recovery/ransomware-protection,services/data-recovery/ransomware-protection,cyber-security-consulting.png,Cyber Security Consulting Surrey
/services/data-recovery/ransomware-protection,services/data-recovery/ransomware-protection,disaster-recovery-planning.png,Disaster Recovery Planning
/services/data-recovery/server-data-recovery,services/data-recovery/server-data-recovery,server-data-recovery.png,Server Data Recovery Surrey BC
/services/data-recovery/server-data-recovery,services/data-recovery/server-data-recovery,dell-server-data-recovery.png,Dell Server Data Recovery
/services/data-recovery/server-data-recovery,services/data-recovery/server-data-recovery,hp-proliant-server-recovery.png,HP ProLiant Server Recovery
/services/data-recovery/server-data-recovery,services/data-recovery/server-data-recovery,windows-server-data-recovery.png,Windows Server Data Recovery
/services/data-recovery/server-data-recovery,services/data-recovery/server-data-recovery,linux-server-data-recovery.png,Linux Server Data Recovery
/services/data-recovery/server-data-recovery,services/data-recovery/server-data-recovery,vmware-server-recovery.png,VMware Server Recovery
/services/data-recovery/server-data-recovery,services/data-recovery/server-data-recovery,database-server-recovery.png,Database Server Recovery
/services/data-recovery/server-data-recovery,services/data-recovery/server-data-recovery,file-server-data-recovery.png,File Server Data Recovery
/services/data-recovery/server-data-recovery,services/data-recovery/server-data-recovery,exchange-server-recovery.png,Exchange Server Recovery
/services/data-recovery/server-data-recovery,services/data-recovery/server-data-recovery,small-business-server-recovery.png,Small Business Server Recovery
/services/data-recovery/server-data-recovery,services/data-recovery/server-data-recovery,cloud-server-data-recovery.png,Cloud Server Data Recovery
/services/data-recovery/server-data-recovery,services/data-recovery/server-data-recovery,server-hard-drive-recovery.png,Server Hard Drive Recovery
/services/data-recovery/water-damaged-drive,services/data-recovery/water-damaged-drive,water-damaged-hard-drive-recovery.png,Water Damaged Hard Drive Recovery
/services/data-recovery/water-damaged-drive,services/data-recovery/water-damaged-drive,flood-damage-data-recovery.png,Flood Damage Data Recovery
/services/data-recovery/water-damaged-drive,services/data-recovery/water-damaged-drive,spill-damage-drive-recovery.png,Spill Damage Drive Recovery
/services/data-recovery/water-damaged-drive,services/data-recovery/water-damaged-drive,wet-hard-drive-recovery-service.png,Wet Hard Drive Recovery Service
/services/data-recovery/water-damaged-drive,services/data-recovery/water-damaged-drive,fire-and-water-damage-recovery.png,Fire and Water Damage Recovery
/services/data-recovery/water-damaged-drive,services/data-recovery/water-damaged-drive,corrosion-damage-data-recovery.png,Corrosion Damage Data Recovery
/services/data-recovery/water-damaged-drive,services/data-recovery/water-damaged-drive,laptop-water-damage-recovery.png,Laptop Water Damage Recovery
/services/data-recovery/water-damaged-drive,services/data-recovery/water-damaged-drive,external-drive-water-damage.png,External Drive Water Damage
/services/data-recovery/water-damaged-drive,services/data-recovery/water-damaged-drive,basement-flood-data-recovery.png,Basement Flood Data Recovery
/services/data-recovery/water-damaged-drive,services/data-recovery/water-damaged-drive,ssd-water-damage-recovery.png,SSD Water Damage Recovery
/services/data-recovery/water-damaged-drive,services/data-recovery/water-damaged-drive,server-water-damage-recovery.png,Server Water Damage Recovery
/services/data-recovery/water-damaged-drive,services/data-recovery/water-damaged-drive,humidity-damaged-drive-recovery.png,Humidity Damaged Drive Recovery
/services/imac-repair,services/imac-repair,imac-repair.png,iMac Repair Near Me
/services/imac-repair,services/imac-repair,apple-imac-service-centre.png,Apple iMac Service Centre Surrey
/services/imac-repair,services/imac-repair,imac-wont-turn-on-repair.png,iMac Won't Turn On Repair
/services/imac-repair,services/imac-repair,imac-running-slow-fix.png,iMac Running Slow Fix Surrey
/services/imac-repair,services/imac-repair,imac-hardware-upgrade.png,iMac Hardware Upgrade Surrey
/services/imac-repair,services/imac-repair,imac-fan-noise-repair.png,iMac Fan Noise Repair
/services/imac-repair,services/imac-repair,imac-power-supply-repair.png,iMac Power Supply Repair
/services/imac-repair,services/imac-repair,imac-diagnostic-service.png,iMac Diagnostic Service Surrey
/services/imac-repair,services/imac-repair,imac-retina-5k-repair.png,iMac Retina 5K Repair
/services/imac-repair,services/imac-repair,affordable-imac-repair.png,Affordable iMac Repair BC
/services/imac-repair,services/imac-repair,imac-thunderbolt-port-repair.png,iMac Thunderbolt Port Repair
/services/imac-repair/imac-hard-drive-replacement,services/imac-repair/imac-hard-drive-replacement,imac-hard-drive-replacement.png,iMac Hard Drive Replacement Surrey
/services/imac-repair/imac-hard-drive-replacement,services/imac-repair/imac-hard-drive-replacement,imac-ssd-upgrade.png,iMac SSD Upgrade Surrey
/services/imac-repair/imac-hard-drive-replacement,services/imac-repair/imac-hard-drive-replacement,imac-fusion-drive-repair.png,iMac Fusion Drive Repair
/services/imac-repair/imac-hard-drive-replacement,services/imac-repair/imac-hard-drive-replacement,imac-hard-drive-failure-repair.png,iMac Hard Drive Failure Repair
/services/imac-repair/imac-hard-drive-replacement,services/imac-repair/imac-hard-drive-replacement,imac-27-inch-hard-drive-replacement.png,iMac 27 Inch Hard Drive Replacement
/services/imac-repair/imac-hard-drive-replacement,services/imac-repair/imac-hard-drive-replacement,imac-215-inch-ssd-upgrade.png,iMac 21.5 Inch SSD Upgrade
/services/imac-repair/imac-hard-drive-replacement,services/imac-repair/imac-hard-drive-replacement,imac-data-migration-service.png,iMac Data Migration Service
/services/imac-repair/imac-hard-drive-replacement,services/imac-repair/imac-hard-drive-replacement,imac-external-storage-setup.png,iMac External Storage Setup
/services/imac-repair/imac-hard-drive-replacement,services/imac-repair/imac-hard-drive-replacement,imac-hard-drive-replacement-cost.png,iMac Hard Drive Replacement Cost Surrey
/services/imac-repair/imac-hard-drive-replacement,services/imac-repair/imac-hard-drive-replacement,imac-sata-to-nvme-upgrade.png,iMac SATA to NVMe Upgrade
/services/imac-repair/imac-hard-drive-replacement,services/imac-repair/imac-hard-drive-replacement,imac-hard-drive-thermal-sensor-fix.png,iMac Hard Drive Thermal Sensor Fix
/services/imac-repair/imac-hard-drive-replacement,services/imac-repair/imac-hard-drive-replacement,imac-slow-performance-ssd-fix.png,iMac Slow Performance SSD Fix
/services/imac-repair/imac-screen-repair,services/imac-repair/imac-screen-repair,imac-screen-repair.png,iMac Screen Repair Surrey
/services/imac-repair/imac-screen-repair,services/imac-repair/imac-screen-repair,imac-screen-replacement-cost.png,iMac Screen Replacement Cost Surrey
/services/imac-repair/imac-screen-repair,services/imac-repair/imac-screen-repair,imac-cracked-screen-repair.png,iMac Cracked Screen Repair
/services/imac-repair/imac-screen-repair,services/imac-repair/imac-screen-repair,imac-retina-display-replacement.png,iMac Retina Display Replacement
/services/imac-repair/imac-screen-repair,services/imac-repair/imac-screen-repair,imac-screen-lines-fix.png,iMac Screen Lines Fix
/services/imac-repair/imac-screen-repair,services/imac-repair/imac-screen-repair,imac-backlight-repair.png,iMac Backlight Repair
/services/imac-repair/imac-screen-repair,services/imac-repair/imac-screen-repair,imac-display-adhesive-repair.png,iMac Display Adhesive Repair
/services/imac-repair/imac-screen-repair,services/imac-repair/imac-screen-repair,imac-screen-flickering-repair.png,iMac Screen Flickering Repair
/services/imac-repair/imac-screen-repair,services/imac-repair/imac-screen-repair,imac-27-inch-screen-replacement.png,iMac 27 Inch Screen Replacement
/services/imac-repair/imac-screen-repair,services/imac-repair/imac-screen-repair,imac-24-inch-screen-repair.png,iMac 24 Inch Screen Repair
/services/imac-repair/imac-screen-repair,services/imac-repair/imac-screen-repair,imac-display-cable-replacement.png,iMac Display Cable Replacement
/services/imac-repair/imac-screen-repair,services/imac-repair/imac-screen-repair,imac-antiglare-screen-repair.png,iMac Anti-Glare Screen Repair
/services/it-support,services/it-support,it-support-services.png,IT Support Services Surrey BC
/services/it-support,services/it-support,ondemand-it-support.png,On-Demand IT Support
/services/it-support,services/it-support,small-business-it-help-desk.png,Small Business IT Help Desk
/services/it-support,services/it-support,emergency-it-support-rapid-response.png,Emergency IT Support & Rapid Response
/services/it-support,services/it-support,windows-mac-support-services.png,Windows & Mac Support Services
/services/it-support,services/it-support,server-support-administration.png,Server Support & Administration
/services/it-support,services/it-support,printer-peripheral-support.png,Printer & Peripheral Support
/services/it-support,services/it-support,software-installation-troubleshooting.png,Software Installation & Troubleshooting
/services/it-support,services/it-support,it-support-for-remote-workers.png,IT Support for Remote Workers
/services/it-support,services/it-support,new-employee-it-onboarding.png,New Employee IT Onboarding
/services/it-support,services/it-support,it-support-contracts.png,IT Support Contracts Surrey
/services/it-support,services/it-support,multilocation-it-support.png,Multi-Location IT Support
/services/laptop-repair,services/laptop-repair,laptop-repair.png,Laptop Repair Surrey BC
/services/laptop-repair,services/laptop-repair,laptop-screen-replacement.png,Laptop Screen Replacement Surrey
/services/laptop-repair,services/laptop-repair,laptop-battery-replacement.png,Laptop Battery Replacement
/services/laptop-repair,services/laptop-repair,laptop-virus-removal-service.png,Laptop Virus Removal Service
/services/laptop-repair,services/laptop-repair,laptop-data-recovery.png,Laptop Data Recovery Surrey
/services/laptop-repair,services/laptop-repair,laptop-hard-drive-upgrade-to-ssd.png,Laptop Hard Drive Upgrade to SSD
/services/laptop-repair,services/laptop-repair,laptop-motherboard-repair.png,Laptop Motherboard Repair
/services/laptop-repair,services/laptop-repair,laptop-hinge-repair.png,Laptop Hinge Repair Surrey
/services/laptop-repair,services/laptop-repair,macbook-repair.png,MacBook Repair Surrey BC
/services/laptop-repair,services/laptop-repair,laptop-ram-upgrade-service.png,Laptop RAM Upgrade Service
/services/laptop-repair,services/laptop-repair,laptop-overheating-fix.png,Laptop Overheating Fix
/services/laptop-repair,services/laptop-repair,free-laptop-diagnostic.png,Free Laptop Diagnostic Surrey
/services/laptop-repair/gaming-laptop-repair,services/laptop-repair/gaming-laptop-repair,gaming-laptop-repair.png,Gaming Laptop Repair Surrey BC
/services/laptop-repair/gaming-laptop-repair,services/laptop-repair/gaming-laptop-repair,gaming-laptop-overheating-fix.png,Gaming Laptop Overheating Fix
/services/laptop-repair/gaming-laptop-repair,services/laptop-repair/gaming-laptop-repair,gaming-laptop-gpu-repair.png,Gaming Laptop GPU Repair
/services/laptop-repair/gaming-laptop-repair,services/laptop-repair/gaming-laptop-repair,gaming-laptop-screen-repair.png,Gaming Laptop Screen Repair
/services/laptop-repair/gaming-laptop-repair,services/laptop-repair/gaming-laptop-repair,asus-rog-laptop-repair.png,ASUS ROG Laptop Repair Surrey
/services/laptop-repair/gaming-laptop-repair,services/laptop-repair/gaming-laptop-repair,msi-gaming-laptop-repair.png,MSI Gaming Laptop Repair
/services/laptop-repair/gaming-laptop-repair,services/laptop-repair/gaming-laptop-repair,alienware-laptop-repair.png,Alienware Laptop Repair Surrey
/services/laptop-repair/gaming-laptop-repair,services/laptop-repair/gaming-laptop-repair,razer-blade-laptop-repair.png,Razer Blade Laptop Repair
/services/laptop-repair/gaming-laptop-repair,services/laptop-repair/gaming-laptop-repair,gaming-laptop-fan-replacement.png,Gaming Laptop Fan Replacement
/services/laptop-repair/gaming-laptop-repair,services/laptop-repair/gaming-laptop-repair,gaming-laptop-keyboard-repair.png,Gaming Laptop Keyboard Repair
/services/laptop-repair/gaming-laptop-repair,services/laptop-repair/gaming-laptop-repair,gaming-laptop-power-issue-repair.png,Gaming Laptop Power Issue Repair
/services/laptop-repair/gaming-laptop-repair,services/laptop-repair/gaming-laptop-repair,gaming-laptop-diagnostic-service.png,Gaming Laptop Diagnostic Service
/services/laptop-repair/gaming-laptop-upgrade,services/laptop-repair/gaming-laptop-upgrade,gaming-laptop-upgrade.png,Gaming Laptop Upgrade Surrey BC
/services/laptop-repair/gaming-laptop-upgrade,services/laptop-repair/gaming-laptop-upgrade,gaming-laptop-ssd-upgrade.png,Gaming Laptop SSD Upgrade
/services/laptop-repair/gaming-laptop-upgrade,services/laptop-repair/gaming-laptop-upgrade,gaming-laptop-ram-upgrade.png,Gaming Laptop RAM Upgrade
/services/laptop-repair/gaming-laptop-upgrade,services/laptop-repair/gaming-laptop-upgrade,gaming-laptop-thermal-paste-upgrade.png,Gaming Laptop Thermal Paste Upgrade
/services/laptop-repair/gaming-laptop-upgrade,services/laptop-repair/gaming-laptop-upgrade,gaming-laptop-wifi-card-upgrade.png,Gaming Laptop Wi-Fi Card Upgrade
/services/laptop-repair/gaming-laptop-upgrade,services/laptop-repair/gaming-laptop-upgrade,gaming-laptop-display-upgrade.png,Gaming Laptop Display Upgrade
/services/laptop-repair/gaming-laptop-upgrade,services/laptop-repair/gaming-laptop-upgrade,gaming-laptop-storage-expansion.png,Gaming Laptop Storage Expansion
/services/laptop-repair/gaming-laptop-upgrade,services/laptop-repair/gaming-laptop-upgrade,gaming-laptop-thermal-pad-replacement.png,Gaming Laptop Thermal Pad Replacement
/services/laptop-repair/gaming-laptop-upgrade,services/laptop-repair/gaming-laptop-upgrade,gaming-laptop-battery-replacement.png,Gaming Laptop Battery Replacement
/services/laptop-repair/gaming-laptop-upgrade,services/laptop-repair/gaming-laptop-upgrade,asus-rog-laptop-upgrade.png,ASUS ROG Laptop Upgrade Surrey
/services/laptop-repair/gaming-laptop-upgrade,services/laptop-repair/gaming-laptop-upgrade,msi-gaming-laptop-upgrade.png,MSI Gaming Laptop Upgrade
/services/laptop-repair/gaming-laptop-upgrade,services/laptop-repair/gaming-laptop-upgrade,custom-gaming-laptop-performance-tuning.png,Custom Gaming Laptop Performance Tuning
/services/laptop-repair/laptop-boot-issue,services/laptop-repair/laptop-boot-issue,laptop-boot-issue-repair.png,Laptop Boot Issue Repair Surrey
/services/laptop-repair/laptop-boot-issue,services/laptop-repair/laptop-boot-issue,laptop-black-screen-fix.png,Laptop Black Screen Fix
/services/laptop-repair/laptop-boot-issue,services/laptop-repair/laptop-boot-issue,laptop-blue-screen-of-death-repair.png,Laptop Blue Screen of Death Repair
/services/laptop-repair/laptop-boot-issue,services/laptop-repair/laptop-boot-issue,laptop-stuck-on-boot-loop-fix.png,Laptop Stuck on Boot Loop Fix
/services/laptop-repair/laptop-boot-issue,services/laptop-repair/laptop-boot-issue,windows-startup-repair.png,Windows Startup Repair Surrey
/services/laptop-repair/laptop-boot-issue,services/laptop-repair/laptop-boot-issue,laptop-bios-recovery-service.png,Laptop BIOS Recovery Service
/services/laptop-repair/laptop-boot-issue,services/laptop-repair/laptop-boot-issue,laptop-hard-drive-boot-failure.png,Laptop Hard Drive Boot Failure
/services/laptop-repair/laptop-boot-issue,services/laptop-repair/laptop-boot-issue,laptop-freezing-at-startup-fix.png,Laptop Freezing at Startup Fix
/services/laptop-repair/laptop-boot-issue,services/laptop-repair/laptop-boot-issue,macbook-boot-issue-repair.png,MacBook Boot Issue Repair
/services/laptop-repair/laptop-boot-issue,services/laptop-repair/laptop-boot-issue,laptop-operating-system-reinstall.png,Laptop Operating System Reinstall
/services/laptop-repair/laptop-boot-issue,services/laptop-repair/laptop-boot-issue,laptop-ram-causing-boot-failure.png,Laptop RAM Causing Boot Failure
/services/laptop-repair/laptop-boot-issue,services/laptop-repair/laptop-boot-issue,laptop-no-power-no-boot-repair.png,Laptop No Power No Boot Repair
/services/laptop-repair/laptop-charging-port-repair,services/laptop-repair/laptop-charging-port-repair,laptop-charging-port-repair.png,Laptop Charging Port Repair Surrey
/services/laptop-repair/laptop-charging-port-repair,services/laptop-repair/laptop-charging-port-repair,laptop-dc-jack-replacement.png,Laptop DC Jack Replacement
/services/laptop-repair/laptop-charging-port-repair,services/laptop-repair/laptop-charging-port-repair,usbc-charging-port-repair.png,USB-C Charging Port Repair
/services/laptop-repair/laptop-charging-port-repair,services/laptop-repair/laptop-charging-port-repair,laptop-not-charging-fix.png,Laptop Not Charging Fix Surrey
/services/laptop-repair/laptop-charging-port-repair,services/laptop-repair/laptop-charging-port-repair,macbook-charging-port-repair.png,MacBook Charging Port Repair
/services/laptop-repair/laptop-charging-port-repair,services/laptop-repair/laptop-charging-port-repair,laptop-power-jack-soldering.png,Laptop Power Jack Soldering
/services/laptop-repair/laptop-charging-port-repair,services/laptop-repair/laptop-charging-port-repair,dell-laptop-charging-repair.png,Dell Laptop Charging Repair
/services/laptop-repair/laptop-charging-port-repair,services/laptop-repair/laptop-charging-port-repair,hp-laptop-charging-port-fix.png,HP Laptop Charging Port Fix
/services/laptop-repair/laptop-charging-port-repair,services/laptop-repair/laptop-charging-port-repair,lenovo-laptop-power-port-repair.png,Lenovo Laptop Power Port Repair
/services/laptop-repair/laptop-charging-port-repair,services/laptop-repair/laptop-charging-port-repair,laptop-charger-replacement.png,Laptop Charger Replacement Surrey
/services/laptop-repair/laptop-charging-port-repair,services/laptop-repair/laptop-charging-port-repair,laptop-charging-circuit-board-repair.png,Laptop Charging Circuit Board Repair
/services/laptop-repair/laptop-charging-port-repair,services/laptop-repair/laptop-charging-port-repair,emergency-laptop-power-repair.png,Emergency Laptop Power Repair
/services/laptop-repair/laptop-keyboard-repair,services/laptop-repair/laptop-keyboard-repair,laptop-keyboard-repair.png,Laptop Keyboard Repair Surrey
/services/laptop-repair/laptop-keyboard-repair,services/laptop-repair/laptop-keyboard-repair,laptop-key-replacement-service.png,Laptop Key Replacement Service
/services/laptop-repair/laptop-keyboard-repair,services/laptop-repair/laptop-keyboard-repair,macbook-keyboard-repair.png,MacBook Keyboard Repair Surrey
/services/laptop-repair/laptop-keyboard-repair,services/laptop-repair/laptop-keyboard-repair,laptop-keyboard-replacement.png,Laptop Keyboard Replacement
/services/laptop-repair/laptop-keyboard-repair,services/laptop-repair/laptop-keyboard-repair,laptop-keyboard-not-working-fix.png,Laptop Keyboard Not Working Fix
/services/laptop-repair/laptop-keyboard-repair,services/laptop-repair/laptop-keyboard-repair,laptop-keyboard-water-damage.png,Laptop Keyboard Water Damage
/services/laptop-repair/laptop-keyboard-repair,services/laptop-repair/laptop-keyboard-repair,backlit-keyboard-repair.png,Backlit Keyboard Repair
/services/laptop-repair/laptop-keyboard-repair,services/laptop-repair/laptop-keyboard-repair,dell-laptop-keyboard-repair.png,Dell Laptop Keyboard Repair
/services/laptop-repair/laptop-keyboard-repair,services/laptop-repair/laptop-keyboard-repair,hp-laptop-keyboard-repair.png,HP Laptop Keyboard Repair
/services/laptop-repair/laptop-keyboard-repair,services/laptop-repair/laptop-keyboard-repair,lenovo-laptop-keyboard-repair.png,Lenovo Laptop Keyboard Repair
/services/laptop-repair/laptop-keyboard-repair,services/laptop-repair/laptop-keyboard-repair,laptop-keyboard-ribbon-cable-repair.png,Laptop Keyboard Ribbon Cable Repair
/services/laptop-repair/laptop-keyboard-repair,services/laptop-repair/laptop-keyboard-repair,external-keyboard-setup-for-laptop.png,External Keyboard Setup for Laptop
/services/laptop-repair/laptop-water-damage-repair,services/laptop-repair/laptop-water-damage-repair,laptop-water-damage-repair.png,Laptop Water Damage Repair Surrey
/services/laptop-repair/laptop-water-damage-repair,services/laptop-repair/laptop-water-damage-repair,laptop-liquid-spill-repair.png,Laptop Liquid Spill Repair
/services/laptop-repair/laptop-water-damage-repair,services/laptop-repair/laptop-water-damage-repair,macbook-water-damage-repair.png,MacBook Water Damage Repair
/services/laptop-repair/laptop-water-damage-repair,services/laptop-repair/laptop-water-damage-repair,laptop-corrosion-cleaning-service.png,Laptop Corrosion Cleaning Service
/services/laptop-repair/laptop-water-damage-repair,services/laptop-repair/laptop-water-damage-repair,laptop-motherboard-water-damage-fix.png,Laptop Motherboard Water Damage Fix
/services/laptop-repair/laptop-water-damage-repair,services/laptop-repair/laptop-water-damage-repair,laptop-keyboard-water-damage-repair.png,Laptop Keyboard Water Damage Repair
/services/laptop-repair/laptop-water-damage-repair,services/laptop-repair/laptop-water-damage-repair,laptop-data-recovery-after-water-damage.png,Laptop Data Recovery After Water Damage
/services/laptop-repair/laptop-water-damage-repair,services/laptop-repair/laptop-water-damage-repair,laptop-screen-water-damage-repair.png,Laptop Screen Water Damage Repair
/services/laptop-repair/laptop-water-damage-repair,services/laptop-repair/laptop-water-damage-repair,dell-laptop-water-damage-repair.png,Dell Laptop Water Damage Repair
/services/laptop-repair/laptop-water-damage-repair,services/laptop-repair/laptop-water-damage-repair,hp-laptop-liquid-damage-fix.png,HP Laptop Liquid Damage Fix
/services/laptop-repair/laptop-water-damage-repair,services/laptop-repair/laptop-water-damage-repair,laptop-water-damage-assessment.png,Laptop Water Damage Assessment
/services/laptop-repair/laptop-water-damage-repair,services/laptop-repair/laptop-water-damage-repair,laptop-liquid-damage-prevention-tips.png,Laptop Liquid Damage Prevention Tips
/services/mac-mini-repair,services/mac-mini-repair,mac-mini-repair.png,Mac Mini Repair Near Me
/services/mac-mini-repair,services/mac-mini-repair,mac-mini-not-working-fix.png,Mac Mini Not Working Fix
/services/mac-mini-repair,services/mac-mini-repair,mac-mini-power-supply-repair.png,Mac Mini Power Supply Repair
/services/mac-mini-repair,services/mac-mini-repair,mac-mini-hdmi-port-repair.png,Mac Mini HDMI Port Repair
/services/mac-mini-repair,services/mac-mini-repair,mac-mini-thunderbolt-repair.png,Mac Mini Thunderbolt Repair
/services/mac-mini-repair,services/mac-mini-repair,mac-mini-fan-noise-repair.png,Mac Mini Fan Noise Repair
/services/mac-mini-repair,services/mac-mini-repair,mac-mini-wifi-repair.png,Mac Mini Wi-Fi Repair Surrey
/services/mac-mini-repair,services/mac-mini-repair,mac-mini-bluetooth-repair.png,Mac Mini Bluetooth Repair
/services/mac-mini-repair,services/mac-mini-repair,affordable-mac-mini-repair.png,Affordable Mac Mini Repair BC
/services/mac-mini-repair,services/mac-mini-repair,mac-mini-server-repair.png,Mac Mini Server Repair
/services/mac-mini-repair,services/mac-mini-repair,mac-mini-data-recovery.png,Mac Mini Data Recovery Surrey
/services/mac-mini-repair/mac-mini-diagnostics,services/mac-mini-repair/mac-mini-diagnostics,mac-mini-diagnostics.png,Mac Mini Diagnostics Surrey
/services/mac-mini-repair/mac-mini-diagnostics,services/mac-mini-repair/mac-mini-diagnostics,mac-mini-health-check.png,Mac Mini Health Check
/services/mac-mini-repair/mac-mini-diagnostics,services/mac-mini-repair/mac-mini-diagnostics,mac-mini-troubleshooting-service.png,Mac Mini Troubleshooting Service
/services/mac-mini-repair/mac-mini-diagnostics,services/mac-mini-repair/mac-mini-diagnostics,mac-mini-performance-test.png,Mac Mini Performance Test Surrey
/services/mac-mini-repair/mac-mini-diagnostics,services/mac-mini-repair/mac-mini-diagnostics,mac-mini-hardware-test.png,Mac Mini Hardware Test
/services/mac-mini-repair/mac-mini-diagnostics,services/mac-mini-repair/mac-mini-diagnostics,mac-mini-startup-issues-diagnostic.png,Mac Mini Startup Issues Diagnostic
/services/mac-mini-repair/mac-mini-diagnostics,services/mac-mini-repair/mac-mini-diagnostics,mac-mini-overheating-diagnostic.png,Mac Mini Overheating Diagnostic
/services/mac-mini-repair/mac-mini-diagnostics,services/mac-mini-repair/mac-mini-diagnostics,mac-mini-network-diagnostic.png,Mac Mini Network Diagnostic Surrey
/services/mac-mini-repair/mac-mini-diagnostics,services/mac-mini-repair/mac-mini-diagnostics,mac-mini-ssd-health-diagnostic.png,Mac Mini SSD Health Diagnostic
/services/mac-mini-repair/mac-mini-diagnostics,services/mac-mini-repair/mac-mini-diagnostics,mac-mini-ram-diagnostic.png,Mac Mini RAM Diagnostic
/services/mac-mini-repair/mac-mini-diagnostics,services/mac-mini-repair/mac-mini-diagnostics,mac-mini-prepurchase-inspection.png,Mac Mini Pre-Purchase Inspection
/services/mac-mini-repair/mac-mini-diagnostics,services/mac-mini-repair/mac-mini-diagnostics,free-mac-mini-diagnostic.png,Free Mac Mini Diagnostic Surrey
/services/mac-mini-repair/mac-mini-upgrade,services/mac-mini-repair/mac-mini-upgrade,mac-mini-upgrade.png,Mac Mini Upgrade Surrey
/services/mac-mini-repair/mac-mini-upgrade,services/mac-mini-repair/mac-mini-upgrade,mac-mini-ram-upgrade.png,Mac Mini RAM Upgrade
/services/mac-mini-repair/mac-mini-upgrade,services/mac-mini-repair/mac-mini-upgrade,mac-mini-ssd-upgrade.png,Mac Mini SSD Upgrade Surrey
/services/mac-mini-repair/mac-mini-upgrade,services/mac-mini-repair/mac-mini-upgrade,mac-mini-storage-upgrade.png,Mac Mini Storage Upgrade
/services/mac-mini-repair/mac-mini-upgrade,services/mac-mini-repair/mac-mini-upgrade,mac-mini-memory-upgrade.png,Mac Mini Memory Upgrade
/services/mac-mini-repair/mac-mini-upgrade,services/mac-mini-repair/mac-mini-upgrade,mac-mini-hard-drive-to-ssd-conversion.png,Mac Mini Hard Drive to SSD Conversion
/services/mac-mini-repair/mac-mini-upgrade,services/mac-mini-repair/mac-mini-upgrade,mac-mini-performance-upgrade.png,Mac Mini Performance Upgrade
/services/mac-mini-repair/mac-mini-upgrade,services/mac-mini-repair/mac-mini-upgrade,mac-mini-fusion-drive-upgrade.png,Mac Mini Fusion Drive Upgrade
/services/mac-mini-repair/mac-mini-upgrade,services/mac-mini-repair/mac-mini-upgrade,mac-mini-2018-ssd-upgrade.png,Mac Mini 2018 SSD Upgrade
/services/mac-mini-repair/mac-mini-upgrade,services/mac-mini-repair/mac-mini-upgrade,mac-mini-external-gpu-setup.png,Mac Mini External GPU Setup
/services/mac-mini-repair/mac-mini-upgrade,services/mac-mini-repair/mac-mini-upgrade,mac-mini-upgrade-cost.png,Mac Mini Upgrade Cost Surrey
/services/mac-mini-repair/mac-mini-upgrade,services/mac-mini-repair/mac-mini-upgrade,mac-mini-nvme-upgrade.png,Mac Mini NVMe Upgrade
/services/macbook-repair,services/macbook-repair,macbook-repair.png,MacBook Repair Surrey BC
/services/macbook-repair,services/macbook-repair,macbook-pro-repair.png,MacBook Pro Repair Near Me
/services/macbook-repair,services/macbook-repair,macbook-air-repair.png,MacBook Air Repair Surrey
/services/macbook-repair,services/macbook-repair,apple-laptop-repair.png,Apple Laptop Repair Surrey
/services/macbook-repair,services/macbook-repair,macbook-troubleshooting-service.png,MacBook Troubleshooting Service
/services/macbook-repair,services/macbook-repair,macbook-hardware-repair.png,MacBook Hardware Repair
/services/macbook-repair,services/macbook-repair,affordable-macbook-repair.png,Affordable MacBook Repair BC
/services/macbook-repair,services/macbook-repair,macbook-charging-port-repair.png,MacBook Charging Port Repair
/services/macbook-repair,services/macbook-repair,macbook-virus-removal.png,MacBook Virus Removal Surrey
/services/macbook-repair,services/macbook-repair,same-day-macbook-repair.png,Same Day MacBook Repair Surrey
/services/macbook-repair,services/macbook-repair,macbook-warranty-repair-alternative.png,MacBook Warranty Repair Alternative
/services/macbook-repair,services/macbook-repair,macbook-trackpad-repair.png,MacBook Trackpad Repair Surrey
/services/macbook-repair/macbook-battery-replacement,services/macbook-repair/macbook-battery-replacement,macbook-battery-replacement.png,MacBook Battery Replacement Surrey
/services/macbook-repair/macbook-battery-replacement,services/macbook-repair/macbook-battery-replacement,macbook-pro-battery-replacement.png,MacBook Pro Battery Replacement
/services/macbook-repair/macbook-battery-replacement,services/macbook-repair/macbook-battery-replacement,macbook-air-battery-replacement.png,MacBook Air Battery Replacement
/services/macbook-repair/macbook-battery-replacement,services/macbook-repair/macbook-battery-replacement,macbook-battery-health-check.png,MacBook Battery Health Check
/services/macbook-repair/macbook-battery-replacement,services/macbook-repair/macbook-battery-replacement,macbook-swollen-battery-repair.png,MacBook Swollen Battery Repair
/services/macbook-repair/macbook-battery-replacement,services/macbook-repair/macbook-battery-replacement,macbook-battery-replacement-cost.png,MacBook Battery Replacement Cost Surrey
/services/macbook-repair/macbook-battery-replacement,services/macbook-repair/macbook-battery-replacement,macbook-not-holding-charge-fix.png,MacBook Not Holding Charge Fix
/services/macbook-repair/macbook-battery-replacement,services/macbook-repair/macbook-battery-replacement,macbook-battery-cycle-count-reset.png,MacBook Battery Cycle Count Reset
/services/macbook-repair/macbook-battery-replacement,services/macbook-repair/macbook-battery-replacement,macbook-battery-calibration-service.png,MacBook Battery Calibration Service
/services/macbook-repair/macbook-battery-replacement,services/macbook-repair/macbook-battery-replacement,same-day-macbook-battery-replacement.png,Same Day MacBook Battery Replacement
/services/macbook-repair/macbook-battery-replacement,services/macbook-repair/macbook-battery-replacement,macbook-wont-turn-on-battery-fix.png,MacBook Won't Turn On Battery Fix
/services/macbook-repair/macbook-battery-replacement,services/macbook-repair/macbook-battery-replacement,macbook-battery-replacement-warranty.png,MacBook Battery Replacement Warranty
/services/macbook-repair/macbook-data-recovery,services/macbook-repair/macbook-data-recovery,macbook-data-recovery.png,MacBook Data Recovery Surrey
/services/macbook-repair/macbook-data-recovery,services/macbook-repair/macbook-data-recovery,macbook-ssd-data-recovery.png,MacBook SSD Data Recovery
/services/macbook-repair/macbook-data-recovery,services/macbook-repair/macbook-data-recovery,macbook-dead-hard-drive-recovery.png,MacBook Dead Hard Drive Recovery
/services/macbook-repair/macbook-data-recovery,services/macbook-repair/macbook-data-recovery,macbook-data-recovery-cost.png,MacBook Data Recovery Cost Surrey
/services/macbook-repair/macbook-data-recovery,services/macbook-repair/macbook-data-recovery,macbook-water-damage-data-recovery.png,MacBook Water Damage Data Recovery
/services/macbook-repair/macbook-data-recovery,services/macbook-repair/macbook-data-recovery,macbook-deleted-file-recovery.png,MacBook Deleted File Recovery
/services/macbook-repair/macbook-data-recovery,services/macbook-repair/macbook-data-recovery,macbook-time-machine-recovery.png,MacBook Time Machine Recovery
/services/macbook-repair/macbook-data-recovery,services/macbook-repair/macbook-data-recovery,macbook-that-wont-turn-on-data-recovery.png,MacBook That Won't Turn On Data Recovery
/services/macbook-repair/macbook-data-recovery,services/macbook-repair/macbook-data-recovery,macbook-filevault-encrypted-data-recovery.png,MacBook FileVault Encrypted Data Recovery
/services/macbook-repair/macbook-data-recovery,services/macbook-repair/macbook-data-recovery,macbook-icloud-data-recovery.png,MacBook iCloud Data Recovery
/services/macbook-repair/macbook-data-recovery,services/macbook-repair/macbook-data-recovery,emergency-macbook-data-recovery.png,Emergency MacBook Data Recovery
/services/macbook-repair/macbook-data-recovery,services/macbook-repair/macbook-data-recovery,macbook-data-transfer-service.png,MacBook Data Transfer Service Surrey
/services/macbook-repair/macbook-keyboard-repair,services/macbook-repair/macbook-keyboard-repair,macbook-keyboard-repair.png,MacBook Keyboard Repair Surrey
/services/macbook-repair/macbook-keyboard-repair,services/macbook-repair/macbook-keyboard-repair,macbook-pro-keyboard-replacement.png,MacBook Pro Keyboard Replacement
/services/macbook-repair/macbook-keyboard-repair,services/macbook-repair/macbook-keyboard-repair,macbook-butterfly-keyboard-fix.png,MacBook Butterfly Keyboard Fix
/services/macbook-repair/macbook-keyboard-repair,services/macbook-repair/macbook-keyboard-repair,macbook-keys-not-working.png,MacBook Keys Not Working
/services/macbook-repair/macbook-keyboard-repair,services/macbook-repair/macbook-keyboard-repair,macbook-air-keyboard-repair.png,MacBook Air Keyboard Repair
/services/macbook-repair/macbook-keyboard-repair,services/macbook-repair/macbook-keyboard-repair,macbook-keyboard-replacement-cost.png,MacBook Keyboard Replacement Cost Surrey
/services/macbook-repair/macbook-keyboard-repair,services/macbook-repair/macbook-keyboard-repair,macbook-sticky-keys-repair.png,MacBook Sticky Keys Repair
/services/macbook-repair/macbook-keyboard-repair,services/macbook-repair/macbook-keyboard-repair,macbook-keyboard-backlight-repair.png,MacBook Keyboard Backlight Repair
/services/macbook-repair/macbook-keyboard-repair,services/macbook-repair/macbook-keyboard-repair,macbook-keyboard-water-damage-repair.png,MacBook Keyboard Water Damage Repair
/services/macbook-repair/macbook-keyboard-repair,services/macbook-repair/macbook-keyboard-repair,macbook-touch-bar-repair.png,MacBook Touch Bar Repair Surrey
/services/macbook-repair/macbook-keyboard-repair,services/macbook-repair/macbook-keyboard-repair,macbook-keyboard-flex-cable-repair.png,MacBook Keyboard Flex Cable Repair
/services/macbook-repair/macbook-keyboard-repair,services/macbook-repair/macbook-keyboard-repair,macbook-external-keyboard-not-recognized.png,MacBook External Keyboard Not Recognized
/services/macbook-repair/macbook-logic-board-repair,services/macbook-repair/macbook-logic-board-repair,macbook-logic-board-repair.png,MacBook Logic Board Repair Surrey
/services/macbook-repair/macbook-logic-board-repair,services/macbook-repair/macbook-logic-board-repair,macbook-motherboard-repair.png,MacBook Motherboard Repair Near Me
/services/macbook-repair/macbook-logic-board-repair,services/macbook-repair/macbook-logic-board-repair,macbook-logic-board-replacement.png,MacBook Logic Board Replacement
/services/macbook-repair/macbook-logic-board-repair,services/macbook-repair/macbook-logic-board-repair,macbook-no-power-logic-board-fix.png,MacBook No Power Logic Board Fix
/services/macbook-repair/macbook-logic-board-repair,services/macbook-repair/macbook-logic-board-repair,macbook-gpu-repair.png,MacBook GPU Repair Surrey
/services/macbook-repair/macbook-logic-board-repair,services/macbook-repair/macbook-logic-board-repair,macbook-micro-soldering-repair.png,MacBook Micro Soldering Repair
/services/macbook-repair/macbook-logic-board-repair,services/macbook-repair/macbook-logic-board-repair,macbook-logic-board-diagnostic.png,MacBook Logic Board Diagnostic
/services/macbook-repair/macbook-logic-board-repair,services/macbook-repair/macbook-logic-board-repair,macbook-pro-retina-logic-board-repair.png,MacBook Pro Retina Logic Board Repair
/services/macbook-repair/macbook-logic-board-repair,services/macbook-repair/macbook-logic-board-repair,macbook-t2-chip-repair.png,MacBook T2 Chip Repair
/services/macbook-repair/macbook-logic-board-repair,services/macbook-repair/macbook-logic-board-repair,macbook-logic-board-short-circuit-repair.png,MacBook Logic Board Short Circuit Repair
/services/macbook-repair/macbook-logic-board-repair,services/macbook-repair/macbook-logic-board-repair,macbook-audio-ic-repair.png,MacBook Audio IC Repair Surrey
/services/macbook-repair/macbook-logic-board-repair,services/macbook-repair/macbook-logic-board-repair,macbook-charging-circuit-repair.png,MacBook Charging Circuit Repair
/services/macbook-repair/macbook-os-repair,services/macbook-repair/macbook-os-repair,macbook-os-repair.png,MacBook OS Repair Surrey
/services/macbook-repair/macbook-os-repair,services/macbook-repair/macbook-os-repair,macos-reinstallation-service.png,macOS Reinstallation Service Surrey
/services/macbook-repair/macbook-os-repair,services/macbook-repair/macbook-os-repair,macbook-wont-boot-fix.png,MacBook Won't Boot Fix
/services/macbook-repair/macbook-os-repair,services/macbook-repair/macbook-os-repair,macos-update-failed-repair.png,macOS Update Failed Repair
/services/macbook-repair/macbook-os-repair,services/macbook-repair/macbook-os-repair,macbook-kernel-panic-fix.png,MacBook Kernel Panic Fix Surrey
/services/macbook-repair/macbook-os-repair,services/macbook-repair/macbook-os-repair,macbook-slow-performance-fix.png,MacBook Slow Performance Fix
/services/macbook-repair/macbook-os-repair,services/macbook-repair/macbook-os-repair,macbook-software-troubleshooting.png,MacBook Software Troubleshooting
/services/macbook-repair/macbook-os-repair,services/macbook-repair/macbook-os-repair,macos-recovery-mode-repair.png,macOS Recovery Mode Repair
/services/macbook-repair/macbook-os-repair,services/macbook-repair/macbook-os-repair,macbook-firmware-update-repair.png,MacBook Firmware Update Repair
/services/macbook-repair/macbook-os-repair,services/macbook-repair/macbook-os-repair,macbook-disk-utility-repair.png,MacBook Disk Utility Repair Surrey
/services/macbook-repair/macbook-os-repair,services/macbook-repair/macbook-os-repair,macbook-startup-disk-full-fix.png,MacBook Startup Disk Full Fix
/services/macbook-repair/macbook-os-repair,services/macbook-repair/macbook-os-repair,macbook-downgrade-macos-service.png,MacBook Downgrade macOS Service
/services/macbook-repair/macbook-overheating,services/macbook-repair/macbook-overheating,macbook-overheating-repair.png,MacBook Overheating Repair Surrey
/services/macbook-repair/macbook-overheating,services/macbook-repair/macbook-overheating,macbook-fan-repair.png,MacBook Fan Repair Surrey
/services/macbook-repair/macbook-overheating,services/macbook-repair/macbook-overheating,macbook-thermal-paste-replacement.png,MacBook Thermal Paste Replacement
/services/macbook-repair/macbook-overheating,services/macbook-repair/macbook-overheating,macbook-running-hot-fix.png,MacBook Running Hot Fix
/services/macbook-repair/macbook-overheating,services/macbook-repair/macbook-overheating,macbook-fan-noise-repair.png,MacBook Fan Noise Repair
/services/macbook-repair/macbook-overheating,services/macbook-repair/macbook-overheating,macbook-cooling-system-service.png,MacBook Cooling System Service
/services/macbook-repair/macbook-overheating,services/macbook-repair/macbook-overheating,macbook-shutting-down-from-heat.png,MacBook Shutting Down From Heat
/services/macbook-repair/macbook-overheating,services/macbook-repair/macbook-overheating,macbook-dust-cleaning-service.png,MacBook Dust Cleaning Service Surrey
/services/macbook-repair/macbook-overheating,services/macbook-repair/macbook-overheating,macbook-pro-overheating-fix.png,MacBook Pro Overheating Fix
/services/macbook-repair/macbook-overheating,services/macbook-repair/macbook-overheating,macbook-heat-sink-repair.png,MacBook Heat Sink Repair
/services/macbook-repair/macbook-overheating,services/macbook-repair/macbook-overheating,macbook-thermal-throttling-fix.png,MacBook Thermal Throttling Fix
/services/macbook-repair/macbook-overheating,services/macbook-repair/macbook-overheating,macbook-temperature-diagnostic.png,MacBook Temperature Diagnostic Surrey
/services/macbook-repair/macbook-screen-repair,services/macbook-repair/macbook-screen-repair,macbook-screen-repair.png,MacBook Screen Repair Surrey
/services/macbook-repair/macbook-screen-repair,services/macbook-repair/macbook-screen-repair,macbook-pro-screen-replacement.png,MacBook Pro Screen Replacement
/services/macbook-repair/macbook-screen-repair,services/macbook-repair/macbook-screen-repair,macbook-cracked-screen-repair.png,MacBook Cracked Screen Repair
/services/macbook-repair/macbook-screen-repair,services/macbook-repair/macbook-screen-repair,macbook-air-screen-replacement.png,MacBook Air Screen Replacement Surrey
/services/macbook-repair/macbook-screen-repair,services/macbook-repair/macbook-screen-repair,macbook-retina-display-repair.png,MacBook Retina Display Repair
/services/macbook-repair/macbook-screen-repair,services/macbook-repair/macbook-screen-repair,macbook-screen-flickering-fix.png,MacBook Screen Flickering Fix
/services/macbook-repair/macbook-screen-repair,services/macbook-repair/macbook-screen-repair,macbook-backlight-repair.png,MacBook Backlight Repair Surrey
/services/macbook-repair/macbook-screen-repair,services/macbook-repair/macbook-screen-repair,macbook-display-hinge-repair.png,MacBook Display Hinge Repair
/services/macbook-repair/macbook-screen-repair,services/macbook-repair/macbook-screen-repair,macbook-external-display-not-working.png,MacBook External Display Not Working
/services/macbook-repair/macbook-screen-repair,services/macbook-repair/macbook-screen-repair,macbook-staingate-screen-repair.png,MacBook Staingate Screen Repair
/services/macbook-repair/macbook-screen-repair,services/macbook-repair/macbook-screen-repair,macbook-screen-replacement-cost.png,MacBook Screen Replacement Cost Surrey
/services/macbook-repair/macbook-screen-repair,services/macbook-repair/macbook-screen-repair,macbook-lcd-panel-replacement.png,MacBook LCD Panel Replacement
/services/macbook-repair/macbook-ssd-upgrade,services/macbook-repair/macbook-ssd-upgrade,macbook-ssd-upgrade.png,MacBook SSD Upgrade Surrey
/services/macbook-repair/macbook-ssd-upgrade,services/macbook-repair/macbook-ssd-upgrade,macbook-pro-ssd-upgrade.png,MacBook Pro SSD Upgrade
/services/macbook-repair/macbook-ssd-upgrade,services/macbook-repair/macbook-ssd-upgrade,macbook-air-ssd-replacement.png,MacBook Air SSD Replacement
/services/macbook-repair/macbook-ssd-upgrade,services/macbook-repair/macbook-ssd-upgrade,macbook-storage-upgrade.png,MacBook Storage Upgrade Surrey
/services/macbook-repair/macbook-ssd-upgrade,services/macbook-repair/macbook-ssd-upgrade,macbook-ssd-data-migration.png,MacBook SSD Data Migration
/services/macbook-repair/macbook-ssd-upgrade,services/macbook-repair/macbook-ssd-upgrade,macbook-nvme-ssd-installation.png,MacBook NVMe SSD Installation
/services/macbook-repair/macbook-ssd-upgrade,services/macbook-repair/macbook-ssd-upgrade,macbook-1tb-ssd-upgrade.png,MacBook 1TB SSD Upgrade
/services/macbook-repair/macbook-ssd-upgrade,services/macbook-repair/macbook-ssd-upgrade,macbook-ssd-replacement-cost.png,MacBook SSD Replacement Cost Surrey
/services/macbook-repair/macbook-ssd-upgrade,services/macbook-repair/macbook-ssd-upgrade,macbook-slow-storage-fix.png,MacBook Slow Storage Fix
/services/macbook-repair/macbook-ssd-upgrade,services/macbook-repair/macbook-ssd-upgrade,macbook-fusion-drive-to-ssd-upgrade.png,MacBook Fusion Drive to SSD Upgrade
/services/macbook-repair/macbook-ssd-upgrade,services/macbook-repair/macbook-ssd-upgrade,macbook-ssd-health-check.png,MacBook SSD Health Check
/services/macbook-repair/macbook-ssd-upgrade,services/macbook-repair/macbook-ssd-upgrade,macbook-external-ssd-setup.png,MacBook External SSD Setup
/services/macbook-repair/macbook-water-damage,services/macbook-repair/macbook-water-damage,macbook-water-damage-repair.png,MacBook Water Damage Repair Surrey
/services/macbook-repair/macbook-water-damage,services/macbook-repair/macbook-water-damage,macbook-liquid-spill-repair.png,MacBook Liquid Spill Repair
/services/macbook-repair/macbook-water-damage,services/macbook-repair/macbook-water-damage,macbook-water-damage-recovery.png,MacBook Water Damage Recovery
/services/macbook-repair/macbook-water-damage,services/macbook-repair/macbook-water-damage,macbook-coffee-spill-repair.png,MacBook Coffee Spill Repair
/services/macbook-repair/macbook-water-damage,services/macbook-repair/macbook-water-damage,macbook-corrosion-repair.png,MacBook Corrosion Repair Surrey
/services/macbook-repair/macbook-water-damage,services/macbook-repair/macbook-water-damage,macbook-wont-turn-on-after-spill.png,MacBook Won't Turn On After Spill
/services/macbook-repair/macbook-water-damage,services/macbook-repair/macbook-water-damage,macbook-water-damage-diagnostic.png,MacBook Water Damage Diagnostic
/services/macbook-repair/macbook-water-damage,services/macbook-repair/macbook-water-damage,emergency-macbook-liquid-damage-service.png,Emergency MacBook Liquid Damage Service
/services/macbook-repair/macbook-water-damage,services/macbook-repair/macbook-water-damage,macbook-pro-water-damage-repair.png,MacBook Pro Water Damage Repair
/services/macbook-repair/macbook-water-damage,services/macbook-repair/macbook-water-damage,macbook-air-water-damage-fix.png,MacBook Air Water Damage Fix
/services/macbook-repair/macbook-water-damage,services/macbook-repair/macbook-water-damage,macbook-liquid-damage-insurance-estimate.png,MacBook Liquid Damage Insurance Estimate
/services/macbook-repair/macbook-water-damage,services/macbook-repair/macbook-water-damage,macbook-ultrasonic-cleaning-service.png,MacBook Ultrasonic Cleaning Service
/services/managed-it-services,services/managed-it-services,managed-it-services.png,Managed IT Services Surrey BC
/services/managed-it-services,services/managed-it-services,proactive-it-monitoring-maintenance.png,Proactive IT Monitoring & Maintenance
/services/managed-it-services,services/managed-it-services,managed-service-provider.png,Managed Service Provider Surrey
/services/managed-it-services,services/managed-it-services,patch-management-software-updates.png,Patch Management & Software Updates
/services/managed-it-services,services/managed-it-services,help-desk-ticketing-support.png,Help Desk & Ticketing Support
/services/managed-it-services,services/managed-it-services,managed-endpoint-protection.png,Managed Endpoint Protection
/services/managed-it-services,services/managed-it-services,it-asset-lifecycle-management.png,IT Asset Lifecycle Management
/services/managed-it-services,services/managed-it-services,managed-backup-recovery-services.png,Managed Backup & Recovery Services
/services/managed-it-services,services/managed-it-services,monthly-it-health-reports.png,Monthly IT Health Reports
/services/managed-it-services,services/managed-it-services,managed-firewall-network-security.png,Managed Firewall & Network Security
/services/managed-it-services,services/managed-it-services,remote-monitoring-management-rmm.png,Remote Monitoring & Management (RMM)
/services/managed-it-services,services/managed-it-services,strategic-it-roadmap-planning.png,Strategic IT Roadmap Planning
/services/network-setup,services/network-setup,business-network-setup.png,Business Network Setup Surrey BC
/services/network-setup,services/network-setup,office-wifi-installation.png,Office Wi-Fi Installation
/services/network-setup,services/network-setup,structured-cabling-wiring.png,Structured Cabling & Wiring
/services/network-setup,services/network-setup,network-switch-router-configuration.png,Network Switch & Router Configuration
/services/network-setup,services/network-setup,small-business-network-design.png,Small Business Network Design
/services/network-setup,services/network-setup,guest-wifi-network-setup.png,Guest Wi-Fi Network Setup
/services/network-setup,services/network-setup,vpn-setup-for-remote-access.png,VPN Setup for Remote Access
/services/network-setup,services/network-setup,network-security-configuration.png,Network Security Configuration
/services/network-setup,services/network-setup,wireless-site-survey.png,Wireless Site Survey Surrey
/services/network-setup,services/network-setup,network-expansion-upgrade.png,Network Expansion & Upgrade
/services/network-setup,services/network-setup,vlan-network-segmentation.png,VLAN & Network Segmentation
/services/network-setup,services/network-setup,network-documentation-mapping.png,Network Documentation & Mapping
/services/onsite-computer-support,services/onsite-computer-support,onsite-computer-support.png,Onsite Computer Support Surrey BC
/services/onsite-computer-support,services/onsite-computer-support,onsite-it-technician-services.png,Onsite IT Technician Services
/services/onsite-computer-support,services/onsite-computer-support,sameday-onsite-support.png,Same-Day Onsite Support
/services/onsite-computer-support,services/onsite-computer-support,onsite-server-maintenance.png,Onsite Server Maintenance
/services/onsite-computer-support,services/onsite-computer-support,onsite-network-troubleshooting.png,Onsite Network Troubleshooting
/services/onsite-computer-support,services/onsite-computer-support,computer-hardware-repair-onsite.png,Computer Hardware Repair Onsite
/services/onsite-computer-support,services/onsite-computer-support,office-it-setup-installation.png,Office IT Setup & Installation
/services/onsite-computer-support,services/onsite-computer-support,onsite-data-recovery.png,Onsite Data Recovery
/services/onsite-computer-support,services/onsite-computer-support,scheduled-onsite-it-visits.png,Scheduled Onsite IT Visits
/services/onsite-computer-support,services/onsite-computer-support,onsite-support-for-businesses.png,Onsite Support for Surrey Businesses
/services/onsite-computer-support,services/onsite-computer-support,onsite-computer-cleanup-optimization.png,Onsite Computer Cleanup & Optimization
/services/onsite-computer-support,services/onsite-computer-support,deskside-support-services.png,Deskside Support Services
/services/phone-tablet-repair,services/phone-tablet-repair,phone-tablet-repair.png,Phone & Tablet Repair Surrey BC
/services/phone-tablet-repair,services/phone-tablet-repair,iphone-screen-repair.png,iPhone Screen Repair Surrey
/services/phone-tablet-repair,services/phone-tablet-repair,samsung-phone-repair.png,Samsung Phone Repair
/services/phone-tablet-repair,services/phone-tablet-repair,ipad-tablet-screen-replacement.png,iPad & Tablet Screen Replacement
/services/phone-tablet-repair,services/phone-tablet-repair,cell-phone-battery-replacement.png,Cell Phone Battery Replacement
/services/phone-tablet-repair,services/phone-tablet-repair,phone-charging-port-repair.png,Phone Charging Port Repair
/services/phone-tablet-repair,services/phone-tablet-repair,water-damage-repair.png,Water Damage Repair
/services/phone-tablet-repair,services/phone-tablet-repair,phone-data-recovery.png,Phone Data Recovery
/services/phone-tablet-repair,services/phone-tablet-repair,google-pixel-repair.png,Google Pixel Repair
/services/phone-tablet-repair,services/phone-tablet-repair,tablet-battery-replacement.png,Tablet Battery Replacement
/services/phone-tablet-repair,services/phone-tablet-repair,phone-software-repair.png,Phone Software Repair
/services/phone-tablet-repair,services/phone-tablet-repair,phone-tablet-accessories.png,Phone & Tablet Accessories
/services/remote-support,services/remote-support,remote-computer-support.png,Remote Computer Support Surrey BC
/services/remote-support,services/remote-support,remote-it-troubleshooting.png,Remote IT Troubleshooting
/services/remote-support,services/remote-support,remote-desktop-support.png,Remote Desktop Support
/services/remote-support,services/remote-support,afterhours-remote-support.png,After-Hours Remote Support
/services/remote-support,services/remote-support,remote-server-management.png,Remote Server Management
/services/remote-support,services/remote-support,remote-software-installation.png,Remote Software Installation
/services/remote-support,services/remote-support,remote-virus-malware-removal.png,Remote Virus & Malware Removal
/services/remote-support,services/remote-support,remote-email-outlook-support.png,Remote Email & Outlook Support
/services/remote-support,services/remote-support,remote-printer-setup-support.png,Remote Printer Setup & Support
/services/remote-support,services/remote-support,remote-network-diagnostics.png,Remote Network Diagnostics
/services/remote-support,services/remote-support,secure-remote-access-setup.png,Secure Remote Access Setup
/services/remote-support,services/remote-support,unlimited-remote-support-plans.png,Unlimited Remote Support Plans
/services/seo-services,services/seo-services,seo-services.png,SEO Services Surrey BC
/services/seo-services,services/seo-services,local-seo-for-businesses.png,Local SEO for Surrey Businesses
/services/seo-services,services/seo-services,google-business-profile-optimization.png,Google Business Profile Optimization
/services/seo-services,services/seo-services,onpage-seo-optimization.png,On-Page SEO Optimization
/services/seo-services,services/seo-services,technical-seo-audit.png,Technical SEO Audit
/services/seo-services,services/seo-services,keyword-research-strategy.png,Keyword Research & Strategy
/services/seo-services,services/seo-services,content-marketing-blog-writing.png,Content Marketing & Blog Writing
/services/seo-services,services/seo-services,link-building-services.png,Link Building Services
/services/seo-services,services/seo-services,ecommerce-seo.png,E-Commerce SEO
/services/seo-services,services/seo-services,seo-reporting-analytics.png,SEO Reporting & Analytics
/services/seo-services,services/seo-services,website-speed-core-web-vitals.png,Website Speed & Core Web Vitals
/services/seo-services,services/seo-services,competitor-seo-analysis.png,Competitor SEO Analysis
/services/virus-removal,services/virus-removal,virus-removal-services.png,Virus Removal Services Surrey BC
/services/virus-removal,services/virus-removal,malware-removal-cleanup.png,Malware Removal & Cleanup
/services/virus-removal,services/virus-removal,ransomware-removal-recovery.png,Ransomware Removal & Recovery
/services/virus-removal,services/virus-removal,spyware-adware-removal.png,Spyware & Adware Removal
/services/virus-removal,services/virus-removal,computer-virus-scan-detection.png,Computer Virus Scan & Detection
/services/virus-removal,services/virus-removal,antivirus-software-installation.png,Antivirus Software Installation
/services/virus-removal,services/virus-removal,browser-hijacker-removal.png,Browser Hijacker Removal
/services/virus-removal,services/virus-removal,popup-ad-removal.png,Pop-Up & Ad Removal
/services/virus-removal,services/virus-removal,rootkit-detection-removal.png,Rootkit Detection & Removal
/services/virus-removal,services/virus-removal,postinfection-security-hardening.png,Post-Infection Security Hardening
/services/virus-removal,services/virus-removal,business-virus-removal-prevention.png,Business Virus Removal & Prevention
/services/virus-removal,services/virus-removal,emergency-virus-removal.png,Emergency Virus Removal
/services/website-design,services/website-design,website-design-services.png,Website Design Services Surrey BC
/services/website-design,services/website-design,small-business-website-design.png,Small Business Website Design
/services/website-design,services/website-design,wordpress-website-development.png,WordPress Website Development
/services/website-design,services/website-design,ecommerce-website-design.png,E-Commerce Website Design
/services/website-design,services/website-design,responsive-mobile-web-design.png,Responsive Mobile Web Design
/services/website-design,services/website-design,website-redesign-modernization.png,Website Redesign & Modernization
/services/website-design,services/website-design,landing-page-design.png,Landing Page Design
/services/website-design,services/website-design,website-hosting-maintenance.png,Website Hosting & Maintenance
/services/website-design,services/website-design,website-speed-optimization.png,Website Speed Optimization
/services/website-design,services/website-design,custom-web-application-development.png,Custom Web Application Development
/services/website-design,services/website-design,website-content-copywriting.png,Website Content & Copywriting
/services/website-design,services/website-design,domain-registration-email-setup.png,Domain Registration & Email Setup
/why-choose-pc-plus-computing,why-choose-pc-plus-computing,why-choose-pc-plus-computing.png,Why Choose PC Plus Computing
/why-choose-pc-plus-computing,why-choose-pc-plus-computing,certified-it-technicians.png,Certified IT Technicians Surrey
/why-choose-pc-plus-computing,why-choose-pc-plus-computing,same-day-computer-repair.png,Same Day Computer Repair Surrey
/why-choose-pc-plus-computing,why-choose-pc-plus-computing,transparent-it-pricing.png,Transparent IT Pricing Surrey BC
/why-choose-pc-plus-computing,why-choose-pc-plus-computing,local-it-company.png,Local IT Company Surrey BC
/why-choose-pc-plus-computing,why-choose-pc-plus-computing,fast-response-it-support.png,Fast Response IT Support Surrey
/why-choose-pc-plus-computing,why-choose-pc-plus-computing,guaranteed-computer-repair.png,Guaranteed Computer Repair Surrey
/why-choose-pc-plus-computing,why-choose-pc-plus-computing,experienced-it-provider.png,Experienced IT Provider Surrey
/why-choose-pc-plus-computing,why-choose-pc-plus-computing,customer-first-it-service.png,Customer First IT Service Surrey
/why-choose-pc-plus-computing,why-choose-pc-plus-computing,one-stop-it-shop.png,One Stop IT Shop Surrey BC
/why-choose-pc-plus-computing,why-choose-pc-plus-computing,no-contract-it-support.png,No Contract IT Support Surrey
/why-choose-pc-plus-computing,why-choose-pc-plus-computing,proven-track-record-it.png,Proven Track Record IT Surrey
